image_name,label
test_image_0.jpg,
test_image_1.jpg,
test_image_10.jpg,
test_image_11.jpg,
test_image_12.jpg,
test_image_13.jpg,
test_image_14.jpg,
test_image_15.jpg,
test_image_16.jpg,
test_image_17.jpg,
test_image_18.jpg,
test_image_19.jpg,
test_image_2.jpg,
test_image_20.jpg,
test_image_21.jpg,
test_image_22.jpg,
test_image_23.jpg,
test_image_24.jpg,
test_image_25.jpg,
test_image_26.jpg,
test_image_27.jpg,
test_image_28.jpg,
test_image_29.jpg,
test_image_3.jpg,
test_image_30.jpg,
test_image_31.jpg,
test_image_32.jpg,
test_image_33.jpg,
test_image_34.jpg,
test_image_35.jpg,
test_image_36.jpg,
test_image_37.jpg,
test_image_38.jpg,
test_image_39.jpg,
test_image_4.jpg,
test_image_40.jpg,
test_image_41.jpg,
test_image_42.jpg,
test_image_43.jpg,
test_image_44.jpg,
test_image_45.jpg,
test_image_46.jpg,
test_image_47.jpg,
test_image_48.jpg,
test_image_49.jpg,
test_image_5.jpg,
test_image_50.jpg,
test_image_51.jpg,
test_image_52.jpg,
test_image_53.jpg,
test_image_54.jpg,
test_image_55.jpg,
test_image_56.jpg,
test_image_57.jpg,
test_image_58.jpg,
test_image_59.jpg,
test_image_6.jpg,
test_image_7.jpg,
test_image_8.jpg,
test_image_9.jpg,
