image_name,x1,x2,y1,y2,label
bottom_right_00001.jpg,,,,,1
bottom_right_00002.jpg,,,,,4
bottom_right_00003.jpg,,,,,3
bottom_right_00004.jpg,,,,,4
bottom_right_00005.jpg,,,,,3
bottom_right_00007.jpg,,,,,6
bottom_right_00008.jpg,,,,,4
bottom_right_00009.jpg,,,,,4
bottom_right_00010.jpg,,,,,6
bottom_right_00011.jpg,,,,,4
bottom_right_00012.jpg,,,,,6
bottom_right_00013.jpg,,,,,4
bottom_right_00015.jpg,,,,,2
bottom_right_00016.jpg,,,,,1
bottom_right_00017.jpg,,,,,1
bottom_right_00018.jpg,,,,,4
bottom_right_00019.jpg,,,,,2
bottom_right_00020.jpg,,,,,5
bottom_right_00021.jpg,,,,,5
bottom_right_00023.jpg,,,,,6
bottom_right_00024.jpg,,,,,2
bottom_right_00025.jpg,,,,,4
bottom_right_00026.jpg,,,,,4
bottom_right_00027.jpg,,,,,4
bottom_right_00028.jpg,,,,,3
bottom_right_00029.jpg,,,,,1
bottom_right_00030.jpg,,,,,4
bottom_right_00031.jpg,,,,,6
bottom_right_00032.jpg,,,,,2
bottom_right_00033.jpg,,,,,5
bottom_right_00034.jpg,,,,,6
bottom_right_00035.jpg,,,,,6
bottom_right_00036.jpg,,,,,1
bottom_right_00038.jpg,,,,,5
bottom_right_00039.jpg,,,,,4
bottom_right_00040.jpg,,,,,6
bottom_right_00041.jpg,,,,,1
bottom_right_00042.jpg,,,,,2
bottom_right_00043.jpg,,,,,7
bottom_right_00045.jpg,,,,,6
bottom_right_00046.jpg,,,,,1
bottom_right_00047.jpg,,,,,4
bottom_right_00048.jpg,,,,,4
bottom_right_00049.jpg,,,,,4
bottom_right_00050.jpg,,,,,1
bottom_right_00051.jpg,,,,,3
bottom_right_00052.jpg,,,,,6
bottom_right_00053.jpg,,,,,1
bottom_right_00054.jpg,,,,,5
bottom_right_00055.jpg,,,,,1
bottom_right_00056.jpg,,,,,3
bottom_right_00057.jpg,,,,,4
bottom_right_00058.jpg,,,,,3
bottom_right_00059.jpg,,,,,3
bottom_right_00060.jpg,,,,,3
bottom_right_00061.jpg,,,,,3
bottom_right_00062.jpg,,,,,2
bottom_right_00063.jpg,,,,,1
bottom_right_00064.jpg,,,,,4
bottom_right_00066.jpg,,,,,4
bottom_right_00067.jpg,,,,,3
bottom_right_00068.jpg,,,,,3
bottom_right_00069.jpg,,,,,4
bottom_right_00070.jpg,,,,,4
bottom_right_00072.jpg,,,,,6
bottom_right_00073.jpg,,,,,3
bottom_right_00074.jpg,,,,,3
bottom_right_00075.jpg,,,,,4
bottom_right_00077.jpg,,,,,6
bottom_right_00078.jpg,,,,,1
bottom_right_00079.jpg,,,,,6
bottom_right_00080.jpg,,,,,3
bottom_right_00082.jpg,,,,,2
bottom_right_00084.jpg,,,,,7
bottom_right_00085.jpg,,,,,4
bottom_right_00086.jpg,,,,,6
bottom_right_00087.jpg,,,,,4
bottom_right_00088.jpg,,,,,2
bottom_right_00089.jpg,,,,,4
bottom_right_00090.jpg,,,,,3
bottom_right_00091.jpg,,,,,4
bottom_right_00092.jpg,,,,,4
bottom_right_00094.jpg,,,,,1
bottom_right_00095.jpg,,,,,3
bottom_right_00096.jpg,,,,,1
bottom_right_00097.jpg,,,,,5
bottom_right_00098.jpg,,,,,4
bottom_right_00099.jpg,,,,,6
bottom_right_00100.jpg,,,,,7
bottom_right_00101.jpg,,,,,2
bottom_right_00102.jpg,,,,,4
bottom_right_00103.jpg,,,,,4
bottom_right_00104.jpg,,,,,3
bottom_right_00105.jpg,,,,,6
bottom_right_00106.jpg,,,,,4
bottom_right_00107.jpg,,,,,6
bottom_right_00108.jpg,,,,,7
bottom_right_00109.jpg,,,,,6
bottom_right_00110.jpg,,,,,1
bottom_right_00111.jpg,,,,,1
bottom_right_00112.jpg,,,,,4
bottom_right_00113.jpg,,,,,6
bottom_right_00114.jpg,,,,,7
bottom_right_00116.jpg,,,,,6
bottom_right_00117.jpg,,,,,1
bottom_right_00118.jpg,,,,,4
bottom_right_00119.jpg,,,,,6
bottom_right_00121.jpg,,,,,6
bottom_right_00122.jpg,,,,,1
bottom_right_00123.jpg,,,,,1
bottom_right_00124.jpg,,,,,3
bottom_right_00125.jpg,,,,,4
bottom_right_00126.jpg,,,,,5
bottom_right_00127.jpg,,,,,5
bottom_right_00128.jpg,,,,,1
bottom_right_00129.jpg,,,,,4
bottom_right_00130.jpg,,,,,6
bottom_right_00131.jpg,,,,,1
bottom_right_00132.jpg,,,,,6
bottom_right_00133.jpg,,,,,4
bottom_right_00135.jpg,,,,,6
bottom_right_00136.jpg,,,,,3
bottom_right_00137.jpg,,,,,2
bottom_right_00138.jpg,,,,,5
bottom_right_00139.jpg,,,,,4
bottom_right_00140.jpg,,,,,2
bottom_right_00141.jpg,,,,,4
bottom_right_00142.jpg,,,,,5
bottom_right_00143.jpg,,,,,6
bottom_right_00144.jpg,,,,,7
bottom_right_00145.jpg,,,,,4
bottom_right_00146.jpg,,,,,1
bottom_right_00147.jpg,,,,,6
bottom_right_00148.jpg,,,,,4
bottom_right_00149.jpg,,,,,3
bottom_right_00151.jpg,,,,,4
bottom_right_00152.jpg,,,,,5
bottom_right_00155.jpg,,,,,6
bottom_right_00157.jpg,,,,,4
bottom_right_00159.jpg,,,,,4
bottom_right_00160.jpg,,,,,1
bottom_right_00161.jpg,,,,,4
bottom_right_00162.jpg,,,,,4
bottom_right_00163.jpg,,,,,6
bottom_right_00164.jpg,,,,,6
bottom_right_00167.jpg,,,,,4
bottom_right_00168.jpg,,,,,4
bottom_right_00169.jpg,,,,,7
bottom_right_00170.jpg,,,,,7
bottom_right_00171.jpg,,,,,2
bottom_right_00172.jpg,,,,,1
bottom_right_00173.jpg,,,,,6
bottom_right_00174.jpg,,,,,3
bottom_right_00175.jpg,,,,,7
bottom_right_00176.jpg,,,,,5
bottom_right_00177.jpg,,,,,6
bottom_right_00178.jpg,,,,,3
bottom_right_00179.jpg,,,,,6
bottom_right_00180.jpg,,,,,6
bottom_right_00181.jpg,,,,,5
bottom_right_00182.jpg,,,,,2
bottom_right_00185.jpg,,,,,6
bottom_right_00186.jpg,,,,,3
bottom_right_00187.jpg,,,,,1
bottom_right_00188.jpg,,,,,5
bottom_right_00189.jpg,,,,,2
bottom_right_00191.jpg,,,,,6
bottom_right_00192.jpg,,,,,6
bottom_right_00193.jpg,,,,,6
bottom_right_00194.jpg,,,,,4
bottom_right_00196.jpg,,,,,2
bottom_right_00197.jpg,,,,,6
bottom_right_00198.jpg,,,,,1
bottom_right_00199.jpg,,,,,2
bottom_right_00200.jpg,,,,,4
bottom_right_00202.jpg,,,,,3
bottom_right_00203.jpg,,,,,4
bottom_right_00204.jpg,,,,,1
bottom_right_00205.jpg,,,,,4
bottom_right_00206.jpg,,,,,1
bottom_right_00207.jpg,,,,,5
bottom_right_00209.jpg,,,,,4
bottom_right_00210.jpg,,,,,4
bottom_right_00211.jpg,,,,,4
bottom_right_00212.jpg,,,,,1
bottom_right_00213.jpg,,,,,6
bottom_right_00214.jpg,,,,,3
bottom_right_00215.jpg,,,,,1
bottom_right_00216.jpg,,,,,7
bottom_right_00223.jpg,,,,,2
bottom_right_00224.jpg,,,,,7
bottom_right_00225.jpg,,,,,6
bottom_right_00226.jpg,,,,,3
bottom_right_00227.jpg,,,,,4
bottom_right_00228.jpg,,,,,1
bottom_right_00229.jpg,,,,,4
bottom_right_00230.jpg,,,,,2
bottom_right_00231.jpg,,,,,3
bottom_right_00233.jpg,,,,,4
bottom_right_00234.jpg,,,,,6
bottom_right_00235.jpg,,,,,3
bottom_right_00236.jpg,,,,,2
bottom_right_00237.jpg,,,,,3
bottom_right_00238.jpg,,,,,4
bottom_right_00239.jpg,,,,,4
bottom_right_00240.jpg,,,,,4
bottom_right_00241.jpg,,,,,2
bottom_right_00243.jpg,,,,,2
bottom_right_00244.jpg,,,,,2
bottom_right_00245.jpg,,,,,4
bottom_right_00246.jpg,,,,,4
bottom_right_00247.jpg,,,,,4
bottom_right_00248.jpg,,,,,4
bottom_right_00249.jpg,,,,,1
bottom_right_00250.jpg,,,,,2
bottom_right_00251.jpg,,,,,4
bottom_right_00252.jpg,,,,,4
bottom_right_00253.jpg,,,,,6
bottom_right_00254.jpg,,,,,6
bottom_right_00255.jpg,,,,,1
bottom_right_00258.jpg,,,,,4
bottom_right_00259.jpg,,,,,4
bottom_right_00260.jpg,,,,,4
bottom_right_00261.jpg,,,,,4
bottom_right_00263.jpg,,,,,4
bottom_right_00264.jpg,,,,,3
bottom_right_00266.jpg,,,,,4
bottom_right_00267.jpg,,,,,1
bottom_right_00268.jpg,,,,,3
bottom_right_00269.jpg,,,,,4
bottom_right_00270.jpg,,,,,3
bottom_right_00273.jpg,,,,,3
bottom_right_00274.jpg,,,,,4
bottom_right_00275.jpg,,,,,2
bottom_right_00276.jpg,,,,,6
bottom_right_00277.jpg,,,,,4
bottom_right_00278.jpg,,,,,4
bottom_right_00279.jpg,,,,,5
bottom_right_00281.jpg,,,,,1
bottom_right_00282.jpg,,,,,4
bottom_right_00283.jpg,,,,,4
bottom_right_00284.jpg,,,,,6
bottom_right_00285.jpg,,,,,4
bottom_right_00286.jpg,,,,,6
bottom_right_00287.jpg,,,,,3
bottom_right_00288.jpg,,,,,6
bottom_right_00289.jpg,,,,,1
bottom_right_00290.jpg,,,,,4
bottom_right_00291.jpg,,,,,6
bottom_right_00293.jpg,,,,,1
bottom_right_00294.jpg,,,,,6
bottom_right_00295.jpg,,,,,6
bottom_right_00296.jpg,,,,,6
bottom_right_00297.jpg,,,,,3
bottom_right_00298.jpg,,,,,4
bottom_right_00299.jpg,,,,,6
bottom_right_00300.jpg,,,,,7
bottom_right_00301.jpg,,,,,6
bottom_right_00302.jpg,,,,,2
bottom_right_00304.jpg,,,,,4
bottom_right_00305.jpg,,,,,6
bottom_right_00307.jpg,,,,,6
bottom_right_00308.jpg,,,,,1
bottom_right_00310.jpg,,,,,6
bottom_right_00311.jpg,,,,,1
bottom_right_00312.jpg,,,,,4
bottom_right_00313.jpg,,,,,4
bottom_right_00314.jpg,,,,,3
bottom_right_00315.jpg,,,,,2
bottom_right_00318.jpg,,,,,1
bottom_right_00319.jpg,,,,,5
bottom_right_00320.jpg,,,,,2
bottom_right_00321.jpg,,,,,6
bottom_right_00322.jpg,,,,,3
bottom_right_00323.jpg,,,,,4
bottom_right_00324.jpg,,,,,6
bottom_right_00325.jpg,,,,,1
bottom_right_00326.jpg,,,,,2
bottom_right_00327.jpg,,,,,1
bottom_right_00328.jpg,,,,,6
bottom_right_00329.jpg,,,,,3
bottom_right_00330.jpg,,,,,7
bottom_right_00331.jpg,,,,,4
bottom_right_00332.jpg,,,,,1
bottom_right_00334.jpg,,,,,1
bottom_right_00335.jpg,,,,,3
bottom_right_00336.jpg,,,,,1
bottom_right_00338.jpg,,,,,3
bottom_right_00339.jpg,,,,,5
bottom_right_00340.jpg,,,,,1
bottom_right_00341.jpg,,,,,4
bottom_right_00342.jpg,,,,,7
bottom_right_00343.jpg,,,,,6
bottom_right_00344.jpg,,,,,6
bottom_right_00345.jpg,,,,,3
bottom_right_00346.jpg,,,,,4
bottom_right_00347.jpg,,,,,6
bottom_right_00349.jpg,,,,,6
bottom_right_00350.jpg,,,,,3
bottom_right_00351.jpg,,,,,1
bottom_right_00352.jpg,,,,,6
bottom_right_00353.jpg,,,,,4
bottom_right_00354.jpg,,,,,5
bottom_right_00355.jpg,,,,,2
bottom_right_00356.jpg,,,,,4
bottom_right_00358.jpg,,,,,4
bottom_right_00359.jpg,,,,,6
bottom_right_00360.jpg,,,,,3
bottom_right_00361.jpg,,,,,7
bottom_right_00362.jpg,,,,,6
bottom_right_00363.jpg,,,,,1
bottom_right_00364.jpg,,,,,3
bottom_right_00365.jpg,,,,,3
bottom_right_00366.jpg,,,,,6
bottom_right_00367.jpg,,,,,4
bottom_right_00369.jpg,,,,,1
bottom_right_00372.jpg,,,,,2
bottom_right_00373.jpg,,,,,1
bottom_right_00374.jpg,,,,,1
bottom_right_00375.jpg,,,,,4
bottom_right_00376.jpg,,,,,4
bottom_right_00377.jpg,,,,,6
bottom_right_00378.jpg,,,,,4
bottom_right_00379.jpg,,,,,3
bottom_right_00380.jpg,,,,,2
bottom_right_00381.jpg,,,,,3
bottom_right_00382.jpg,,,,,6
bottom_right_00383.jpg,,,,,6
bottom_right_00385.jpg,,,,,1
bottom_right_00386.jpg,,,,,5
bottom_right_00387.jpg,,,,,4
bottom_right_00388.jpg,,,,,6
bottom_right_00389.jpg,,,,,6
bottom_right_00390.jpg,,,,,1
bottom_right_00391.jpg,,,,,7
bottom_right_00392.jpg,,,,,5
bottom_right_00393.jpg,,,,,6
bottom_right_00394.jpg,,,,,6
bottom_right_00395.jpg,,,,,6
bottom_right_00396.jpg,,,,,4
bottom_right_00397.jpg,,,,,4
bottom_right_00398.jpg,,,,,4
bottom_right_00399.jpg,,,,,4
bottom_right_00400.jpg,,,,,4
bottom_right_00401.jpg,,,,,7
bottom_right_00402.jpg,,,,,4
bottom_right_00403.jpg,,,,,6
bottom_right_00404.jpg,,,,,1
bottom_right_00406.jpg,,,,,3
bottom_right_00408.jpg,,,,,2
bottom_right_00409.jpg,,,,,6
bottom_right_00410.jpg,,,,,4
bottom_right_00411.jpg,,,,,1
bottom_right_00412.jpg,,,,,4
bottom_right_00414.jpg,,,,,3
bottom_right_00416.jpg,,,,,1
bottom_right_00417.jpg,,,,,6
bottom_right_00418.jpg,,,,,5
bottom_right_00419.jpg,,,,,4
bottom_right_00420.jpg,,,,,2
bottom_right_00421.jpg,,,,,5
bottom_right_00422.jpg,,,,,4
bottom_right_00424.jpg,,,,,4
bottom_right_00425.jpg,,,,,2
bottom_right_00426.jpg,,,,,4
bottom_right_00427.jpg,,,,,4
bottom_right_00429.jpg,,,,,4
bottom_right_00430.jpg,,,,,4
bottom_right_00431.jpg,,,,,4
bottom_right_00432.jpg,,,,,1
bottom_right_00433.jpg,,,,,4
bottom_right_00434.jpg,,,,,1
bottom_right_00435.jpg,,,,,7
bottom_right_00436.jpg,,,,,4
bottom_right_00437.jpg,,,,,2
bottom_right_00438.jpg,,,,,4
bottom_right_00439.jpg,,,,,4
bottom_right_00441.jpg,,,,,4
bottom_right_00442.jpg,,,,,2
bottom_right_00443.jpg,,,,,6
bottom_right_00444.jpg,,,,,5
bottom_right_00445.jpg,,,,,1
bottom_right_00446.jpg,,,,,4
bottom_right_00447.jpg,,,,,4
bottom_right_00448.jpg,,,,,2
bottom_right_00449.jpg,,,,,1
bottom_right_00450.jpg,,,,,1
bottom_right_00451.jpg,,,,,6
bottom_right_00453.jpg,,,,,6
bottom_right_00454.jpg,,,,,4
bottom_right_00455.jpg,,,,,4
bottom_right_00456.jpg,,,,,1
bottom_right_00457.jpg,,,,,6
bottom_right_00460.jpg,,,,,4
bottom_right_00462.jpg,,,,,6
bottom_right_00463.jpg,,,,,6
bottom_right_00464.jpg,,,,,6
bottom_right_00465.jpg,,,,,4
bottom_right_00466.jpg,,,,,2
bottom_right_00467.jpg,,,,,1
bottom_right_00468.jpg,,,,,3
bottom_right_00469.jpg,,,,,5
bottom_right_00472.jpg,,,,,4
bottom_right_00473.jpg,,,,,3
bottom_right_00474.jpg,,,,,4
bottom_right_00475.jpg,,,,,2
bottom_right_00476.jpg,,,,,1
bottom_right_00477.jpg,,,,,3
bottom_right_00479.jpg,,,,,6
bottom_right_00480.jpg,,,,,6
bottom_right_00481.jpg,,,,,1
bottom_right_00482.jpg,,,,,4
bottom_right_00483.jpg,,,,,3
bottom_right_00486.jpg,,,,,6
bottom_right_00487.jpg,,,,,6
bottom_right_00488.jpg,,,,,5
bottom_right_00489.jpg,,,,,4
bottom_right_00490.jpg,,,,,4
bottom_right_00491.jpg,,,,,6
bottom_right_00492.jpg,,,,,4
bottom_right_00493.jpg,,,,,3
bottom_right_00494.jpg,,,,,4
bottom_right_00495.jpg,,,,,3
bottom_right_00497.jpg,,,,,4
bottom_right_00498.jpg,,,,,7
bottom_right_00499.jpg,,,,,6
bottom_right_00502.jpg,,,,,7
bottom_right_00503.jpg,,,,,1
bottom_right_00504.jpg,,,,,4
bottom_right_00505.jpg,,,,,4
bottom_right_00506.jpg,,,,,4
bottom_right_00507.jpg,,,,,2
bottom_right_00508.jpg,,,,,4
bottom_right_00510.jpg,,,,,3
bottom_right_00511.jpg,,,,,2
bottom_right_00512.jpg,,,,,1
bottom_right_00513.jpg,,,,,4
bottom_right_00514.jpg,,,,,6
bottom_right_00515.jpg,,,,,4
bottom_right_00516.jpg,,,,,3
bottom_right_00517.jpg,,,,,1
bottom_right_00518.jpg,,,,,6
bottom_right_00519.jpg,,,,,4
bottom_right_00520.jpg,,,,,4
bottom_right_00521.jpg,,,,,1
bottom_right_00522.jpg,,,,,6
bottom_right_00523.jpg,,,,,4
bottom_right_00525.jpg,,,,,6
bottom_right_00527.jpg,,,,,2
bottom_right_00528.jpg,,,,,6
bottom_right_00529.jpg,,,,,4
bottom_right_00531.jpg,,,,,1
bottom_right_00533.jpg,,,,,4
bottom_right_00534.jpg,,,,,2
bottom_right_00535.jpg,,,,,6
bottom_right_00536.jpg,,,,,3
bottom_right_00537.jpg,,,,,1
bottom_right_00539.jpg,,,,,2
bottom_right_00540.jpg,,,,,1
bottom_right_00541.jpg,,,,,3
bottom_right_00542.jpg,,,,,3
bottom_right_00543.jpg,,,,,6
bottom_right_00545.jpg,,,,,6
bottom_right_00546.jpg,,,,,1
bottom_right_00547.jpg,,,,,5
bottom_right_00548.jpg,,,,,1
bottom_right_00549.jpg,,,,,1
bottom_right_00550.jpg,,,,,2
bottom_right_00551.jpg,,,,,1
bottom_right_00552.jpg,,,,,1
bottom_right_00553.jpg,,,,,4
bottom_right_00554.jpg,,,,,4
bottom_right_00555.jpg,,,,,1
bottom_right_00556.jpg,,,,,1
bottom_right_00557.jpg,,,,,4
bottom_right_00559.jpg,,,,,4
bottom_right_00563.jpg,,,,,2
bottom_right_00564.jpg,,,,,1
bottom_right_00565.jpg,,,,,2
bottom_right_00566.jpg,,,,,4
bottom_right_00568.jpg,,,,,4
bottom_right_00569.jpg,,,,,6
bottom_right_00570.jpg,,,,,3
bottom_right_00571.jpg,,,,,6
bottom_right_00572.jpg,,,,,2
bottom_right_00573.jpg,,,,,2
bottom_right_00575.jpg,,,,,6
bottom_right_00576.jpg,,,,,7
bottom_right_00577.jpg,,,,,7
bottom_right_00579.jpg,,,,,6
bottom_right_00580.jpg,,,,,2
bottom_right_00581.jpg,,,,,4
bottom_right_00582.jpg,,,,,4
bottom_right_00583.jpg,,,,,2
bottom_right_00584.jpg,,,,,4
bottom_right_00585.jpg,,,,,6
bottom_right_00586.jpg,,,,,2
bottom_right_00587.jpg,,,,,5
bottom_right_00588.jpg,,,,,6
bottom_right_00589.jpg,,,,,4
bottom_right_00590.jpg,,,,,4
bottom_right_00591.jpg,,,,,6
bottom_right_00592.jpg,,,,,1
bottom_right_00595.jpg,,,,,3
bottom_right_00597.jpg,,,,,3
bottom_right_00598.jpg,,,,,1
bottom_right_00599.jpg,,,,,6
bottom_right_00600.jpg,,,,,4
bottom_right_00601.jpg,,,,,4
bottom_right_00602.jpg,,,,,4
bottom_right_00603.jpg,,,,,4
bottom_right_00605.jpg,,,,,1
bottom_right_00606.jpg,,,,,2
bottom_right_00608.jpg,,,,,1
bottom_right_00610.jpg,,,,,6
bottom_right_00612.jpg,,,,,5
bottom_right_00613.jpg,,,,,7
bottom_right_00614.jpg,,,,,4
bottom_right_00615.jpg,,,,,3
bottom_right_00616.jpg,,,,,2
bottom_right_00617.jpg,,,,,3
bottom_right_00618.jpg,,,,,6
bottom_right_00620.jpg,,,,,6
bottom_right_00621.jpg,,,,,6
bottom_right_00622.jpg,,,,,6
bottom_right_00625.jpg,,,,,6
bottom_right_00626.jpg,,,,,3
bottom_right_00627.jpg,,,,,4
bottom_right_00628.jpg,,,,,3
bottom_right_00629.jpg,,,,,6
bottom_right_00630.jpg,,,,,6
bottom_right_00631.jpg,,,,,4
bottom_right_00632.jpg,,,,,4
bottom_right_00634.jpg,,,,,1
bottom_right_00635.jpg,,,,,1
bottom_right_00636.jpg,,,,,1
bottom_right_00637.jpg,,,,,1
bottom_right_00638.jpg,,,,,1
bottom_right_00639.jpg,,,,,6
bottom_right_00640.jpg,,,,,1
bottom_right_00641.jpg,,,,,4
bottom_right_00642.jpg,,,,,4
bottom_right_00643.jpg,,,,,4
bottom_right_00644.jpg,,,,,6
bottom_right_00645.jpg,,,,,3
bottom_right_00647.jpg,,,,,4
bottom_right_00648.jpg,,,,,4
bottom_right_00649.jpg,,,,,4
bottom_right_00650.jpg,,,,,6
bottom_right_00651.jpg,,,,,4
bottom_right_00652.jpg,,,,,6
bottom_right_00653.jpg,,,,,4
bottom_right_00654.jpg,,,,,4
bottom_right_00656.jpg,,,,,4
bottom_right_00658.jpg,,,,,4
bottom_right_00660.jpg,,,,,1
bottom_right_00661.jpg,,,,,4
bottom_right_00662.jpg,,,,,3
bottom_right_00664.jpg,,,,,4
bottom_right_00665.jpg,,,,,4
bottom_right_00666.jpg,,,,,4
bottom_right_00667.jpg,,,,,4
bottom_right_00669.jpg,,,,,3
bottom_right_00670.jpg,,,,,4
bottom_right_00671.jpg,,,,,4
bottom_right_00672.jpg,,,,,7
bottom_right_00673.jpg,,,,,3
bottom_right_00674.jpg,,,,,7
bottom_right_00676.jpg,,,,,4
bottom_right_00679.jpg,,,,,1
bottom_right_00680.jpg,,,,,4
bottom_right_00681.jpg,,,,,4
bottom_right_00682.jpg,,,,,3
bottom_right_00683.jpg,,,,,4
bottom_right_00684.jpg,,,,,1
bottom_right_00685.jpg,,,,,4
bottom_right_00686.jpg,,,,,1
bottom_right_00687.jpg,,,,,4
bottom_right_00688.jpg,,,,,4
bottom_right_00689.jpg,,,,,4
bottom_right_00691.jpg,,,,,4
bottom_right_00692.jpg,,,,,6
bottom_right_00693.jpg,,,,,3
bottom_right_00694.jpg,,,,,6
bottom_right_00695.jpg,,,,,3
bottom_right_00696.jpg,,,,,3
bottom_right_00697.jpg,,,,,5
bottom_right_00698.jpg,,,,,4
bottom_right_00699.jpg,,,,,4
bottom_right_00700.jpg,,,,,4
bottom_right_00702.jpg,,,,,4
bottom_right_00703.jpg,,,,,4
bottom_right_00704.jpg,,,,,4
bottom_right_00705.jpg,,,,,6
bottom_right_00706.jpg,,,,,6
bottom_right_00707.jpg,,,,,6
bottom_right_00708.jpg,,,,,4
bottom_right_00710.jpg,,,,,1
bottom_right_00711.jpg,,,,,7
bottom_right_00712.jpg,,,,,6
bottom_right_00713.jpg,,,,,3
bottom_right_00714.jpg,,,,,5
bottom_right_00715.jpg,,,,,3
bottom_right_00717.jpg,,,,,3
bottom_right_00718.jpg,,,,,6
bottom_right_00719.jpg,,,,,4
bottom_right_00721.jpg,,,,,4
bottom_right_00722.jpg,,,,,3
bottom_right_00723.jpg,,,,,2
bottom_right_00724.jpg,,,,,4
bottom_right_00725.jpg,,,,,4
bottom_right_00726.jpg,,,,,4
bottom_right_00727.jpg,,,,,1
bottom_right_00728.jpg,,,,,4
bottom_right_00729.jpg,,,,,4
bottom_right_00730.jpg,,,,,6
bottom_right_00732.jpg,,,,,4
bottom_right_00733.jpg,,,,,4
bottom_right_00734.jpg,,,,,4
bottom_right_00735.jpg,,,,,2
bottom_right_00737.jpg,,,,,7
bottom_right_00739.jpg,,,,,6
bottom_right_00740.jpg,,,,,4
bottom_right_00741.jpg,,,,,3
bottom_right_00742.jpg,,,,,4
bottom_right_00743.jpg,,,,,3
bottom_right_00744.jpg,,,,,4
bottom_right_00745.jpg,,,,,4
bottom_right_00746.jpg,,,,,4
bottom_right_00747.jpg,,,,,4
bottom_right_00748.jpg,,,,,3
bottom_right_00749.jpg,,,,,4
bottom_right_00750.jpg,,,,,4
bottom_right_00752.jpg,,,,,2
bottom_right_00753.jpg,,,,,3
bottom_right_00754.jpg,,,,,6
bottom_right_00756.jpg,,,,,1
bottom_right_00757.jpg,,,,,3
bottom_right_00758.jpg,,,,,4
bottom_right_00759.jpg,,,,,5
bottom_right_00760.jpg,,,,,2
bottom_right_00761.jpg,,,,,3
bottom_right_00762.jpg,,,,,1
bottom_right_00764.jpg,,,,,4
bottom_right_00767.jpg,,,,,1
bottom_right_00769.jpg,,,,,4
bottom_right_00770.jpg,,,,,4
bottom_right_00771.jpg,,,,,2
bottom_right_00772.jpg,,,,,4
bottom_right_00773.jpg,,,,,6
bottom_right_00774.jpg,,,,,3
bottom_right_00775.jpg,,,,,4
bottom_right_00776.jpg,,,,,7
bottom_right_00777.jpg,,,,,6
bottom_right_00778.jpg,,,,,1
bottom_right_00779.jpg,,,,,5
bottom_right_00781.jpg,,,,,7
bottom_right_00782.jpg,,,,,1
bottom_right_00783.jpg,,,,,5
bottom_right_00785.jpg,,,,,1
bottom_right_00786.jpg,,,,,2
bottom_right_00787.jpg,,,,,1
bottom_right_00788.jpg,,,,,4
bottom_right_00789.jpg,,,,,4
bottom_right_00790.jpg,,,,,6
bottom_right_00791.jpg,,,,,4
bottom_right_00792.jpg,,,,,4
bottom_right_00793.jpg,,,,,4
bottom_right_00794.jpg,,,,,2
bottom_right_00795.jpg,,,,,4
bottom_right_00796.jpg,,,,,4
bottom_right_00797.jpg,,,,,2
bottom_right_00799.jpg,,,,,1
bottom_right_00802.jpg,,,,,1
bottom_right_00803.jpg,,,,,4
bottom_right_00804.jpg,,,,,7
bottom_right_00805.jpg,,,,,2
bottom_right_00807.jpg,,,,,6
bottom_right_00808.jpg,,,,,7
bottom_right_00809.jpg,,,,,1
bottom_right_00810.jpg,,,,,3
bottom_right_00811.jpg,,,,,4
bottom_right_00812.jpg,,,,,5
bottom_right_00813.jpg,,,,,2
bottom_right_00815.jpg,,,,,4
bottom_right_00816.jpg,,,,,5
bottom_right_00817.jpg,,,,,6
bottom_right_00818.jpg,,,,,1
bottom_right_00819.jpg,,,,,4
bottom_right_00820.jpg,,,,,4
bottom_right_00822.jpg,,,,,5
bottom_right_00823.jpg,,,,,6
bottom_right_00824.jpg,,,,,3
bottom_right_00825.jpg,,,,,4
bottom_right_00826.jpg,,,,,6
bottom_right_00827.jpg,,,,,6
bottom_right_00828.jpg,,,,,1
bottom_right_00829.jpg,,,,,4
bottom_right_00830.jpg,,,,,6
bottom_right_00831.jpg,,,,,4
bottom_right_00832.jpg,,,,,3
bottom_right_00833.jpg,,,,,4
bottom_right_00834.jpg,,,,,6
bottom_right_00835.jpg,,,,,4
bottom_right_00836.jpg,,,,,4
bottom_right_00838.jpg,,,,,2
bottom_right_00839.jpg,,,,,6
bottom_right_00840.jpg,,,,,6
bottom_right_00841.jpg,,,,,1
bottom_right_00842.jpg,,,,,3
bottom_right_00843.jpg,,,,,6
bottom_right_00844.jpg,,,,,1
bottom_right_00845.jpg,,,,,4
bottom_right_00846.jpg,,,,,3
bottom_right_00847.jpg,,,,,6
bottom_right_00848.jpg,,,,,1
bottom_right_00849.jpg,,,,,5
bottom_right_00850.jpg,,,,,4
bottom_right_00851.jpg,,,,,6
bottom_right_00852.jpg,,,,,6
bottom_right_00853.jpg,,,,,1
bottom_right_00854.jpg,,,,,7
bottom_right_00855.jpg,,,,,4
bottom_right_00856.jpg,,,,,4
bottom_right_00857.jpg,,,,,6
bottom_right_00858.jpg,,,,,4
bottom_right_00860.jpg,,,,,1
bottom_right_00862.jpg,,,,,7
bottom_right_00865.jpg,,,,,4
bottom_right_00866.jpg,,,,,6
bottom_right_00867.jpg,,,,,3
bottom_right_00868.jpg,,,,,7
bottom_right_00869.jpg,,,,,4
bottom_right_00870.jpg,,,,,1
bottom_right_00873.jpg,,,,,1
bottom_right_00874.jpg,,,,,3
bottom_right_00875.jpg,,,,,4
bottom_right_00876.jpg,,,,,3
bottom_right_00878.jpg,,,,,1
bottom_right_00879.jpg,,,,,3
bottom_right_00881.jpg,,,,,2
bottom_right_00882.jpg,,,,,4
bottom_right_00883.jpg,,,,,6
bottom_right_00884.jpg,,,,,3
bottom_right_00885.jpg,,,,,2
bottom_right_00886.jpg,,,,,5
bottom_right_00887.jpg,,,,,6
bottom_right_00888.jpg,,,,,1
bottom_right_00889.jpg,,,,,1
bottom_right_00890.jpg,,,,,7
bottom_right_00891.jpg,,,,,4
bottom_right_00892.jpg,,,,,6
bottom_right_00895.jpg,,,,,6
bottom_right_00896.jpg,,,,,4
bottom_right_00897.jpg,,,,,4
bottom_right_00898.jpg,,,,,1
bottom_right_00899.jpg,,,,,4
bottom_right_00901.jpg,,,,,1
bottom_right_00902.jpg,,,,,6
bottom_right_00903.jpg,,,,,2
bottom_right_00904.jpg,,,,,1
bottom_right_00905.jpg,,,,,4
bottom_right_00906.jpg,,,,,4
bottom_right_00907.jpg,,,,,3
bottom_right_00908.jpg,,,,,3
bottom_right_00909.jpg,,,,,6
bottom_right_00910.jpg,,,,,4
bottom_right_00911.jpg,,,,,4
bottom_right_00912.jpg,,,,,2
bottom_right_00913.jpg,,,,,5
bottom_right_00914.jpg,,,,,6
bottom_right_00915.jpg,,,,,6
bottom_right_00916.jpg,,,,,6
bottom_right_00918.jpg,,,,,4
bottom_right_00919.jpg,,,,,6
bottom_right_00920.jpg,,,,,5
bottom_right_00921.jpg,,,,,4
bottom_right_00923.jpg,,,,,4
bottom_right_00924.jpg,,,,,4
bottom_right_00925.jpg,,,,,4
bottom_right_00926.jpg,,,,,1
bottom_right_00928.jpg,,,,,5
bottom_right_00929.jpg,,,,,5
bottom_right_00930.jpg,,,,,6
bottom_right_00931.jpg,,,,,2
bottom_right_00933.jpg,,,,,4
bottom_right_00934.jpg,,,,,4
bottom_right_00935.jpg,,,,,6
bottom_right_00936.jpg,,,,,1
bottom_right_00937.jpg,,,,,1
bottom_right_00938.jpg,,,,,1
bottom_right_00939.jpg,,,,,1
bottom_right_00942.jpg,,,,,6
bottom_right_00943.jpg,,,,,6
bottom_right_00944.jpg,,,,,1
bottom_right_00946.jpg,,,,,6
bottom_right_00949.jpg,,,,,7
bottom_right_00950.jpg,,,,,2
bottom_right_00951.jpg,,,,,6
bottom_right_00952.jpg,,,,,6
bottom_right_00953.jpg,,,,,1
bottom_right_00954.jpg,,,,,6
bottom_right_00956.jpg,,,,,4
bottom_right_00957.jpg,,,,,3
bottom_right_00958.jpg,,,,,2
bottom_right_00959.jpg,,,,,1
bottom_right_00962.jpg,,,,,6
bottom_right_00964.jpg,,,,,7
bottom_right_00965.jpg,,,,,4
bottom_right_00967.jpg,,,,,5
bottom_right_00968.jpg,,,,,4
bottom_right_00969.jpg,,,,,4
bottom_right_00970.jpg,,,,,6
bottom_right_00971.jpg,,,,,1
bottom_right_00972.jpg,,,,,7
bottom_right_00974.jpg,,,,,4
bottom_right_00975.jpg,,,,,4
bottom_right_00976.jpg,,,,,2
bottom_right_00977.jpg,,,,,6
bottom_right_00978.jpg,,,,,6
bottom_right_00979.jpg,,,,,3
bottom_right_00980.jpg,,,,,1
bottom_right_00981.jpg,,,,,6
bottom_right_00982.jpg,,,,,4
bottom_right_00983.jpg,,,,,1
bottom_right_00984.jpg,,,,,4
bottom_right_00985.jpg,,,,,6
bottom_right_00986.jpg,,,,,6
bottom_right_00987.jpg,,,,,4
bottom_right_00988.jpg,,,,,4
bottom_right_00989.jpg,,,,,3
bottom_right_00992.jpg,,,,,2
bottom_right_00993.jpg,,,,,4
bottom_right_00994.jpg,,,,,1
bottom_right_00995.jpg,,,,,4
bottom_right_00996.jpg,,,,,1
bottom_right_00997.jpg,,,,,5
bottom_right_00998.jpg,,,,,6
bottom_right_00999.jpg,,,,,6
bottom_right_01000.jpg,,,,,7
bottom_right_01001.jpg,,,,,1
bottom_right_01002.jpg,,,,,1
bottom_right_01003.jpg,,,,,2
bottom_right_01004.jpg,,,,,5
bottom_right_01005.jpg,,,,,3
bottom_right_01006.jpg,,,,,2
bottom_right_01007.jpg,,,,,4
bottom_right_01008.jpg,,,,,1
bottom_right_01009.jpg,,,,,3
bottom_right_01010.jpg,,,,,1
bottom_right_01011.jpg,,,,,1
bottom_right_01012.jpg,,,,,1
bottom_right_01013.jpg,,,,,5
bottom_right_01015.jpg,,,,,4
bottom_right_01016.jpg,,,,,2
bottom_right_01018.jpg,,,,,4
bottom_right_01019.jpg,,,,,2
bottom_right_01021.jpg,,,,,4
bottom_right_01022.jpg,,,,,4
bottom_right_01023.jpg,,,,,4
bottom_right_01024.jpg,,,,,6
bottom_right_01025.jpg,,,,,4
bottom_right_01026.jpg,,,,,3
bottom_right_01027.jpg,,,,,6
bottom_right_01028.jpg,,,,,1
bottom_right_01029.jpg,,,,,3
bottom_right_01030.jpg,,,,,6
bottom_right_01031.jpg,,,,,4
bottom_right_01032.jpg,,,,,3
bottom_right_01033.jpg,,,,,4
bottom_right_01034.jpg,,,,,4
bottom_right_01035.jpg,,,,,4
bottom_right_01038.jpg,,,,,4
bottom_right_01039.jpg,,,,,4
bottom_right_01040.jpg,,,,,7
bottom_right_01041.jpg,,,,,7
bottom_right_01042.jpg,,,,,4
bottom_right_01043.jpg,,,,,3
bottom_right_01044.jpg,,,,,3
bottom_right_01045.jpg,,,,,6
bottom_right_01046.jpg,,,,,2
bottom_right_01048.jpg,,,,,4
bottom_right_01049.jpg,,,,,4
bottom_right_01050.jpg,,,,,6
bottom_right_01051.jpg,,,,,1
bottom_right_01052.jpg,,,,,5
bottom_right_01053.jpg,,,,,1
bottom_right_01054.jpg,,,,,1
bottom_right_01055.jpg,,,,,3
bottom_right_01056.jpg,,,,,4
bottom_right_01057.jpg,,,,,5
bottom_right_01058.jpg,,,,,5
bottom_right_01059.jpg,,,,,4
bottom_right_01060.jpg,,,,,3
bottom_right_01061.jpg,,,,,6
bottom_right_01062.jpg,,,,,4
bottom_right_01064.jpg,,,,,6
bottom_right_01065.jpg,,,,,1
bottom_right_01066.jpg,,,,,1
bottom_right_01067.jpg,,,,,3
bottom_right_01068.jpg,,,,,2
bottom_right_01070.jpg,,,,,3
bottom_right_01071.jpg,,,,,5
bottom_right_01072.jpg,,,,,4
bottom_right_01073.jpg,,,,,4
bottom_right_01074.jpg,,,,,3
bottom_right_01075.jpg,,,,,3
bottom_right_01078.jpg,,,,,4
bottom_right_01079.jpg,,,,,6
bottom_right_01080.jpg,,,,,2
bottom_right_01083.jpg,,,,,3
bottom_right_01084.jpg,,,,,4
bottom_right_01085.jpg,,,,,1
bottom_right_01087.jpg,,,,,4
bottom_right_01088.jpg,,,,,6
bottom_right_01090.jpg,,,,,1
bottom_right_01091.jpg,,,,,1
bottom_right_01092.jpg,,,,,1
bottom_right_01093.jpg,,,,,5
bottom_right_01094.jpg,,,,,1
bottom_right_01095.jpg,,,,,5
bottom_right_01096.jpg,,,,,6
bottom_right_01098.jpg,,,,,1
bottom_right_01100.jpg,,,,,6
bottom_right_01101.jpg,,,,,1
bottom_right_01102.jpg,,,,,3
bottom_right_01103.jpg,,,,,6
bottom_right_01104.jpg,,,,,4
bottom_right_01105.jpg,,,,,2
bottom_right_01106.jpg,,,,,4
bottom_right_01107.jpg,,,,,5
bottom_right_01109.jpg,,,,,4
bottom_right_01110.jpg,,,,,4
bottom_right_01111.jpg,,,,,6
bottom_right_01112.jpg,,,,,2
bottom_right_01113.jpg,,,,,7
bottom_right_01114.jpg,,,,,7
bottom_right_01115.jpg,,,,,4
bottom_right_01117.jpg,,,,,6
bottom_right_01118.jpg,,,,,6
bottom_right_01119.jpg,,,,,1
bottom_right_01120.jpg,,,,,4
bottom_right_01121.jpg,,,,,2
bottom_right_01122.jpg,,,,,1
bottom_right_01123.jpg,,,,,4
bottom_right_01124.jpg,,,,,1
bottom_right_01125.jpg,,,,,3
bottom_right_01127.jpg,,,,,4
bottom_right_01130.jpg,,,,,1
bottom_right_01131.jpg,,,,,3
bottom_right_01132.jpg,,,,,6
bottom_right_01133.jpg,,,,,5
bottom_right_01134.jpg,,,,,4
bottom_right_01136.jpg,,,,,6
bottom_right_01137.jpg,,,,,3
bottom_right_01139.jpg,,,,,4
bottom_right_01140.jpg,,,,,2
bottom_right_01141.jpg,,,,,2
bottom_right_01143.jpg,,,,,6
bottom_right_01144.jpg,,,,,2
bottom_right_01145.jpg,,,,,6
bottom_right_01146.jpg,,,,,5
bottom_right_01147.jpg,,,,,7
bottom_right_01149.jpg,,,,,4
bottom_right_01150.jpg,,,,,1
bottom_right_01151.jpg,,,,,1
bottom_right_01153.jpg,,,,,5
bottom_right_01154.jpg,,,,,6
bottom_right_01155.jpg,,,,,4
bottom_right_01156.jpg,,,,,6
bottom_right_01157.jpg,,,,,1
bottom_right_01158.jpg,,,,,4
bottom_right_01159.jpg,,,,,6
bottom_right_01160.jpg,,,,,4
bottom_right_01163.jpg,,,,,3
bottom_right_01168.jpg,,,,,1
bottom_right_01169.jpg,,,,,4
bottom_right_01170.jpg,,,,,1
bottom_right_01171.jpg,,,,,7
bottom_right_01172.jpg,,,,,3
bottom_right_01173.jpg,,,,,6
bottom_right_01174.jpg,,,,,3
bottom_right_01175.jpg,,,,,3
bottom_right_01176.jpg,,,,,3
bottom_right_01177.jpg,,,,,4
bottom_right_01178.jpg,,,,,1
bottom_right_01179.jpg,,,,,1
bottom_right_01180.jpg,,,,,4
bottom_right_01183.jpg,,,,,1
bottom_right_01184.jpg,,,,,1
bottom_right_01185.jpg,,,,,6
bottom_right_01188.jpg,,,,,6
bottom_right_01189.jpg,,,,,1
bottom_right_01190.jpg,,,,,4
bottom_right_01191.jpg,,,,,7
bottom_right_01193.jpg,,,,,6
bottom_right_01195.jpg,,,,,4
bottom_right_01196.jpg,,,,,1
bottom_right_01198.jpg,,,,,3
bottom_right_01199.jpg,,,,,6
bottom_right_01200.jpg,,,,,6
bottom_right_01201.jpg,,,,,6
bottom_right_01203.jpg,,,,,1
bottom_right_01204.jpg,,,,,4
bottom_right_01205.jpg,,,,,4
bottom_right_01206.jpg,,,,,1
bottom_right_01207.jpg,,,,,6
bottom_right_01210.jpg,,,,,1
bottom_right_01212.jpg,,,,,3
bottom_right_01213.jpg,,,,,4
bottom_right_01214.jpg,,,,,4
bottom_right_01215.jpg,,,,,3
bottom_right_01216.jpg,,,,,4
bottom_right_01217.jpg,,,,,6
bottom_right_01220.jpg,,,,,6
bottom_right_01221.jpg,,,,,6
bottom_right_01222.jpg,,,,,7
bottom_right_01223.jpg,,,,,6
bottom_right_01225.jpg,,,,,4
bottom_right_01226.jpg,,,,,6
bottom_right_01227.jpg,,,,,6
bottom_right_01230.jpg,,,,,3
bottom_right_01231.jpg,,,,,6
bottom_right_01232.jpg,,,,,1
bottom_right_01233.jpg,,,,,4
bottom_right_01234.jpg,,,,,4
bottom_right_01235.jpg,,,,,4
bottom_right_01236.jpg,,,,,1
bottom_right_01237.jpg,,,,,4
bottom_right_01238.jpg,,,,,3
bottom_right_01239.jpg,,,,,1
bottom_right_01240.jpg,,,,,4
bottom_right_01242.jpg,,,,,6
bottom_right_01243.jpg,,,,,6
bottom_right_01244.jpg,,,,,6
bottom_right_01245.jpg,,,,,2
bottom_right_01246.jpg,,,,,6
bottom_right_01247.jpg,,,,,4
bottom_right_01248.jpg,,,,,1
bottom_right_01249.jpg,,,,,1
bottom_right_01250.jpg,,,,,4
bottom_right_01251.jpg,,,,,4
bottom_right_01253.jpg,,,,,6
bottom_right_01254.jpg,,,,,6
bottom_right_01255.jpg,,,,,1
bottom_right_01256.jpg,,,,,7
bottom_right_01257.jpg,,,,,6
bottom_right_01258.jpg,,,,,6
bottom_right_01259.jpg,,,,,6
bottom_right_01260.jpg,,,,,6
bottom_right_01263.jpg,,,,,6
bottom_right_01264.jpg,,,,,5
bottom_right_01265.jpg,,,,,4
bottom_right_01266.jpg,,,,,3
bottom_right_01268.jpg,,,,,3
bottom_right_01269.jpg,,,,,1
bottom_right_01270.jpg,,,,,4
bottom_right_01272.jpg,,,,,6
bottom_right_01274.jpg,,,,,1
bottom_right_01275.jpg,,,,,4
bottom_right_01276.jpg,,,,,1
bottom_right_01277.jpg,,,,,6
bottom_right_01279.jpg,,,,,6
bottom_right_01280.jpg,,,,,3
bottom_right_01281.jpg,,,,,5
bottom_right_01282.jpg,,,,,4
bottom_right_01284.jpg,,,,,4
bottom_right_01285.jpg,,,,,6
bottom_right_01286.jpg,,,,,2
bottom_right_01287.jpg,,,,,1
bottom_right_01288.jpg,,,,,6
bottom_right_01289.jpg,,,,,3
bottom_right_01290.jpg,,,,,4
bottom_right_01291.jpg,,,,,4
bottom_right_01292.jpg,,,,,1
bottom_right_01293.jpg,,,,,1
bottom_right_01295.jpg,,,,,6
bottom_right_01296.jpg,,,,,4
bottom_right_01298.jpg,,,,,4
bottom_right_01299.jpg,,,,,6
bottom_right_01300.jpg,,,,,6
bottom_right_01301.jpg,,,,,1
bottom_right_01302.jpg,,,,,2
bottom_right_01303.jpg,,,,,2
bottom_right_01304.jpg,,,,,4
bottom_right_01305.jpg,,,,,6
bottom_right_01308.jpg,,,,,4
bottom_right_01309.jpg,,,,,3
bottom_right_01310.jpg,,,,,1
bottom_right_01311.jpg,,,,,7
bottom_right_01312.jpg,,,,,3
bottom_right_01315.jpg,,,,,6
bottom_right_01316.jpg,,,,,5
bottom_right_01317.jpg,,,,,2
bottom_right_01318.jpg,,,,,4
bottom_right_01319.jpg,,,,,4
bottom_right_01320.jpg,,,,,4
bottom_right_01321.jpg,,,,,4
bottom_right_01322.jpg,,,,,2
bottom_right_01323.jpg,,,,,3
bottom_right_01325.jpg,,,,,3
bottom_right_01326.jpg,,,,,4
bottom_right_01327.jpg,,,,,3
bottom_right_01329.jpg,,,,,4
bottom_right_01330.jpg,,,,,3
bottom_right_01333.jpg,,,,,2
bottom_right_01336.jpg,,,,,6
bottom_right_01337.jpg,,,,,4
bottom_right_01338.jpg,,,,,4
bottom_right_01339.jpg,,,,,6
bottom_right_01341.jpg,,,,,4
bottom_right_01343.jpg,,,,,2
bottom_right_01345.jpg,,,,,3
bottom_right_01346.jpg,,,,,1
bottom_right_01348.jpg,,,,,6
bottom_right_01349.jpg,,,,,1
bottom_right_01351.jpg,,,,,1
bottom_right_01352.jpg,,,,,4
bottom_right_01354.jpg,,,,,4
bottom_right_01355.jpg,,,,,4
bottom_right_01356.jpg,,,,,2
bottom_right_01357.jpg,,,,,4
bottom_right_01361.jpg,,,,,1
bottom_right_01362.jpg,,,,,3
bottom_right_01363.jpg,,,,,4
bottom_right_01364.jpg,,,,,6
bottom_right_01365.jpg,,,,,4
bottom_right_01366.jpg,,,,,4
bottom_right_01368.jpg,,,,,6
bottom_right_01372.jpg,,,,,1
bottom_right_01373.jpg,,,,,2
bottom_right_01374.jpg,,,,,6
bottom_right_01375.jpg,,,,,2
bottom_right_01376.jpg,,,,,6
bottom_right_01377.jpg,,,,,5
bottom_right_01378.jpg,,,,,3
bottom_right_01379.jpg,,,,,2
bottom_right_01380.jpg,,,,,3
bottom_right_01381.jpg,,,,,1
bottom_right_01382.jpg,,,,,3
bottom_right_01383.jpg,,,,,3
bottom_right_01386.jpg,,,,,2
bottom_right_01387.jpg,,,,,6
bottom_right_01388.jpg,,,,,6
bottom_right_01389.jpg,,,,,1
bottom_right_01390.jpg,,,,,4
bottom_right_01391.jpg,,,,,4
bottom_right_01392.jpg,,,,,4
bottom_right_01394.jpg,,,,,4
bottom_right_01396.jpg,,,,,6
bottom_right_01397.jpg,,,,,4
bottom_right_01398.jpg,,,,,3
bottom_right_01399.jpg,,,,,1
bottom_right_01400.jpg,,,,,4
bottom_right_01401.jpg,,,,,1
bottom_right_01402.jpg,,,,,6
bottom_right_01403.jpg,,,,,1
bottom_right_01404.jpg,,,,,1
bottom_right_01405.jpg,,,,,6
bottom_right_01406.jpg,,,,,1
bottom_right_01407.jpg,,,,,2
bottom_right_01408.jpg,,,,,2
bottom_right_01409.jpg,,,,,1
bottom_right_01410.jpg,,,,,6
bottom_right_01412.jpg,,,,,6
bottom_right_01414.jpg,,,,,3
bottom_right_01415.jpg,,,,,1
bottom_right_01416.jpg,,,,,2
bottom_right_01417.jpg,,,,,4
bottom_right_01419.jpg,,,,,3
bottom_right_01420.jpg,,,,,4
bottom_right_01421.jpg,,,,,5
bottom_right_01422.jpg,,,,,1
bottom_right_01425.jpg,,,,,1
bottom_right_01426.jpg,,,,,1
bottom_right_01427.jpg,,,,,6
bottom_right_01430.jpg,,,,,3
bottom_right_01431.jpg,,,,,4
bottom_right_01432.jpg,,,,,3
bottom_right_01433.jpg,,,,,5
bottom_right_01434.jpg,,,,,2
bottom_right_01435.jpg,,,,,6
bottom_right_01436.jpg,,,,,1
bottom_right_01438.jpg,,,,,6
bottom_right_01439.jpg,,,,,5
bottom_right_01440.jpg,,,,,7
bottom_right_01441.jpg,,,,,6
bottom_right_01442.jpg,,,,,7
bottom_right_01443.jpg,,,,,1
bottom_right_01444.jpg,,,,,6
bottom_right_01445.jpg,,,,,6
bottom_right_01446.jpg,,,,,1
bottom_right_01447.jpg,,,,,3
bottom_right_01448.jpg,,,,,6
bottom_right_01449.jpg,,,,,6
bottom_right_01450.jpg,,,,,1
bottom_right_01452.jpg,,,,,3
bottom_right_01453.jpg,,,,,2
bottom_right_01454.jpg,,,,,3
bottom_right_01455.jpg,,,,,1
bottom_right_01456.jpg,,,,,6
bottom_right_01457.jpg,,,,,1
bottom_right_01458.jpg,,,,,3
bottom_right_01459.jpg,,,,,6
bottom_right_01461.jpg,,,,,4
bottom_right_01462.jpg,,,,,6
bottom_right_01463.jpg,,,,,4
bottom_right_01464.jpg,,,,,2
bottom_right_01465.jpg,,,,,4
bottom_right_01466.jpg,,,,,6
bottom_right_01467.jpg,,,,,2
bottom_right_01468.jpg,,,,,2
bottom_right_01470.jpg,,,,,4
bottom_right_01471.jpg,,,,,3
bottom_right_01472.jpg,,,,,6
bottom_right_01473.jpg,,,,,6
bottom_right_01474.jpg,,,,,6
bottom_right_01475.jpg,,,,,2
bottom_right_01476.jpg,,,,,4
bottom_right_01477.jpg,,,,,3
bottom_right_01478.jpg,,,,,7
bottom_right_01479.jpg,,,,,4
bottom_right_01480.jpg,,,,,1
bottom_right_01481.jpg,,,,,3
bottom_right_01482.jpg,,,,,6
bottom_right_01484.jpg,,,,,1
bottom_right_01485.jpg,,,,,1
bottom_right_01486.jpg,,,,,1
bottom_right_01487.jpg,,,,,5
bottom_right_01488.jpg,,,,,4
bottom_right_01489.jpg,,,,,1
bottom_right_01490.jpg,,,,,4
bottom_right_01491.jpg,,,,,1
bottom_right_01492.jpg,,,,,6
bottom_right_01493.jpg,,,,,4
bottom_right_01494.jpg,,,,,4
bottom_right_01495.jpg,,,,,4
bottom_right_01496.jpg,,,,,1
bottom_right_01497.jpg,,,,,6
bottom_right_01498.jpg,,,,,2
bottom_right_01499.jpg,,,,,1
bottom_right_01500.jpg,,,,,1
bottom_right_01501.jpg,,,,,4
bottom_right_01502.jpg,,,,,4
bottom_right_01503.jpg,,,,,1
bottom_right_01504.jpg,,,,,2
bottom_right_01507.jpg,,,,,4
bottom_right_01508.jpg,,,,,4
bottom_right_01509.jpg,,,,,4
bottom_right_01510.jpg,,,,,1
bottom_right_01511.jpg,,,,,6
bottom_right_01512.jpg,,,,,4
bottom_right_01513.jpg,,,,,6
bottom_right_01515.jpg,,,,,1
bottom_right_01516.jpg,,,,,1
bottom_right_01517.jpg,,,,,7
bottom_right_01518.jpg,,,,,4
bottom_right_01519.jpg,,,,,4
bottom_right_01520.jpg,,,,,4
bottom_right_01521.jpg,,,,,1
bottom_right_01522.jpg,,,,,4
bottom_right_01523.jpg,,,,,2
bottom_right_01524.jpg,,,,,1
bottom_right_01526.jpg,,,,,5
bottom_right_01527.jpg,,,,,4
bottom_right_01528.jpg,,,,,6
bottom_right_01529.jpg,,,,,6
bottom_right_01530.jpg,,,,,4
bottom_right_01531.jpg,,,,,4
bottom_right_01532.jpg,,,,,6
bottom_right_01533.jpg,,,,,3
bottom_right_01534.jpg,,,,,2
bottom_right_01535.jpg,,,,,4
bottom_right_01536.jpg,,,,,3
bottom_right_01537.jpg,,,,,2
bottom_right_01538.jpg,,,,,5
bottom_right_01539.jpg,,,,,6
bottom_right_01540.jpg,,,,,2
bottom_right_01541.jpg,,,,,7
bottom_right_01542.jpg,,,,,4
bottom_right_01543.jpg,,,,,4
bottom_right_01544.jpg,,,,,7
bottom_right_01545.jpg,,,,,5
bottom_right_01546.jpg,,,,,3
bottom_right_01547.jpg,,,,,6
bottom_right_01548.jpg,,,,,4
bottom_right_01549.jpg,,,,,1
bottom_right_01550.jpg,,,,,4
bottom_right_01551.jpg,,,,,1
bottom_right_01552.jpg,,,,,4
bottom_right_01553.jpg,,,,,1
bottom_right_01554.jpg,,,,,4
bottom_right_01555.jpg,,,,,3
bottom_right_01557.jpg,,,,,6
bottom_right_01558.jpg,,,,,1
bottom_right_01560.jpg,,,,,7
bottom_right_01561.jpg,,,,,2
bottom_right_01562.jpg,,,,,7
bottom_right_01563.jpg,,,,,6
bottom_right_01564.jpg,,,,,4
bottom_right_01565.jpg,,,,,4
bottom_right_01566.jpg,,,,,4
bottom_right_01567.jpg,,,,,4
bottom_right_01568.jpg,,,,,6
bottom_right_01569.jpg,,,,,4
bottom_right_01570.jpg,,,,,4
bottom_right_01571.jpg,,,,,1
bottom_right_01575.jpg,,,,,1
bottom_right_01576.jpg,,,,,5
bottom_right_01578.jpg,,,,,1
bottom_right_01579.jpg,,,,,6
bottom_right_01580.jpg,,,,,6
bottom_right_01581.jpg,,,,,1
bottom_right_01582.jpg,,,,,4
bottom_right_01583.jpg,,,,,6
bottom_right_01584.jpg,,,,,4
bottom_right_01585.jpg,,,,,1
bottom_right_01586.jpg,,,,,1
bottom_right_01587.jpg,,,,,2
bottom_right_01589.jpg,,,,,1
bottom_right_01590.jpg,,,,,4
bottom_right_01592.jpg,,,,,6
bottom_right_01594.jpg,,,,,2
bottom_right_01595.jpg,,,,,6
bottom_right_01596.jpg,,,,,1
bottom_right_01597.jpg,,,,,6
bottom_right_01598.jpg,,,,,3
bottom_right_01599.jpg,,,,,1
bottom_right_01600.jpg,,,,,4
bottom_right_01601.jpg,,,,,6
bottom_right_01602.jpg,,,,,6
bottom_right_01603.jpg,,,,,6
bottom_right_01604.jpg,,,,,4
bottom_right_01605.jpg,,,,,1
bottom_right_01608.jpg,,,,,1
bottom_right_01610.jpg,,,,,4
bottom_right_01611.jpg,,,,,2
bottom_right_01612.jpg,,,,,3
bottom_right_01613.jpg,,,,,6
bottom_right_01614.jpg,,,,,5
bottom_right_01615.jpg,,,,,6
bottom_right_01617.jpg,,,,,1
bottom_right_01618.jpg,,,,,4
bottom_right_01619.jpg,,,,,2
bottom_right_01620.jpg,,,,,4
bottom_right_01621.jpg,,,,,6
bottom_right_01622.jpg,,,,,5
bottom_right_01623.jpg,,,,,4
bottom_right_01624.jpg,,,,,4
bottom_right_01625.jpg,,,,,4
bottom_right_01626.jpg,,,,,6
bottom_right_01627.jpg,,,,,3
bottom_right_01629.jpg,,,,,1
bottom_right_01630.jpg,,,,,3
bottom_right_01631.jpg,,,,,2
bottom_right_01632.jpg,,,,,5
bottom_right_01634.jpg,,,,,1
bottom_right_01635.jpg,,,,,6
bottom_right_01636.jpg,,,,,3
bottom_right_01637.jpg,,,,,1
bottom_right_01639.jpg,,,,,1
bottom_right_01641.jpg,,,,,4
bottom_right_01643.jpg,,,,,4
bottom_right_01644.jpg,,,,,2
bottom_right_01647.jpg,,,,,3
bottom_right_01648.jpg,,,,,6
bottom_right_01649.jpg,,,,,3
bottom_right_01650.jpg,,,,,4
bottom_right_01651.jpg,,,,,6
bottom_right_01652.jpg,,,,,3
bottom_right_01653.jpg,,,,,4
bottom_right_01654.jpg,,,,,4
bottom_right_01655.jpg,,,,,3
bottom_right_01656.jpg,,,,,6
bottom_right_01657.jpg,,,,,6
bottom_right_01659.jpg,,,,,2
bottom_right_01661.jpg,,,,,6
bottom_right_01662.jpg,,,,,4
bottom_right_01665.jpg,,,,,4
bottom_right_01666.jpg,,,,,5
bottom_right_01667.jpg,,,,,6
bottom_right_01668.jpg,,,,,7
bottom_right_01669.jpg,,,,,6
bottom_right_01670.jpg,,,,,2
bottom_right_01671.jpg,,,,,5
bottom_right_01672.jpg,,,,,6
bottom_right_01674.jpg,,,,,4
bottom_right_01675.jpg,,,,,4
bottom_right_01676.jpg,,,,,2
bottom_right_01677.jpg,,,,,4
bottom_right_01679.jpg,,,,,7
bottom_right_01680.jpg,,,,,1
bottom_right_01681.jpg,,,,,6
bottom_right_01683.jpg,,,,,3
bottom_right_01684.jpg,,,,,1
bottom_right_01685.jpg,,,,,5
bottom_right_01686.jpg,,,,,3
bottom_right_01688.jpg,,,,,3
bottom_right_01690.jpg,,,,,3
bottom_right_01691.jpg,,,,,6
bottom_right_01692.jpg,,,,,4
bottom_right_01693.jpg,,,,,6
bottom_right_01694.jpg,,,,,3
bottom_right_01695.jpg,,,,,6
bottom_right_01696.jpg,,,,,4
bottom_right_01697.jpg,,,,,6
bottom_right_01699.jpg,,,,,6
bottom_right_01701.jpg,,,,,6
bottom_right_01702.jpg,,,,,5
bottom_right_01703.jpg,,,,,1
bottom_right_01705.jpg,,,,,4
bottom_right_01706.jpg,,,,,2
bottom_right_01707.jpg,,,,,5
bottom_right_01708.jpg,,,,,1
bottom_right_01709.jpg,,,,,4
bottom_right_01711.jpg,,,,,6
bottom_right_01712.jpg,,,,,7
bottom_right_01713.jpg,,,,,1
bottom_right_01714.jpg,,,,,4
bottom_right_01715.jpg,,,,,1
bottom_right_01716.jpg,,,,,4
bottom_right_01717.jpg,,,,,1
bottom_right_01718.jpg,,,,,6
bottom_right_01720.jpg,,,,,4
bottom_right_01721.jpg,,,,,4
bottom_right_01722.jpg,,,,,4
bottom_right_01724.jpg,,,,,4
bottom_right_01725.jpg,,,,,2
bottom_right_01726.jpg,,,,,4
bottom_right_01728.jpg,,,,,4
bottom_right_01729.jpg,,,,,1
bottom_right_01730.jpg,,,,,1
bottom_right_01731.jpg,,,,,4
bottom_right_01732.jpg,,,,,3
bottom_right_01733.jpg,,,,,1
bottom_right_01734.jpg,,,,,4
bottom_right_01735.jpg,,,,,4
bottom_right_01736.jpg,,,,,3
bottom_right_01737.jpg,,,,,6
bottom_right_01738.jpg,,,,,4
bottom_right_01739.jpg,,,,,6
bottom_right_01740.jpg,,,,,6
bottom_right_01741.jpg,,,,,2
bottom_right_01742.jpg,,,,,6
bottom_right_01744.jpg,,,,,1
bottom_right_01745.jpg,,,,,7
bottom_right_01746.jpg,,,,,5
bottom_right_01747.jpg,,,,,7
bottom_right_01748.jpg,,,,,2
bottom_right_01750.jpg,,,,,4
bottom_right_01751.jpg,,,,,3
bottom_right_01752.jpg,,,,,5
bottom_right_01753.jpg,,,,,1
bottom_right_01754.jpg,,,,,6
bottom_right_01755.jpg,,,,,1
bottom_right_01756.jpg,,,,,1
bottom_right_01758.jpg,,,,,3
bottom_right_01759.jpg,,,,,4
bottom_right_01761.jpg,,,,,2
bottom_right_01764.jpg,,,,,6
bottom_right_01765.jpg,,,,,3
bottom_right_01766.jpg,,,,,3
bottom_right_01767.jpg,,,,,1
bottom_right_01768.jpg,,,,,1
bottom_right_01769.jpg,,,,,6
bottom_right_01770.jpg,,,,,5
bottom_right_01771.jpg,,,,,4
bottom_right_01774.jpg,,,,,6
bottom_right_01777.jpg,,,,,1
bottom_right_01778.jpg,,,,,1
bottom_right_01779.jpg,,,,,1
bottom_right_01780.jpg,,,,,2
bottom_right_01781.jpg,,,,,4
bottom_right_01782.jpg,,,,,4
bottom_right_01783.jpg,,,,,1
bottom_right_01784.jpg,,,,,6
bottom_right_01785.jpg,,,,,4
bottom_right_01788.jpg,,,,,7
bottom_right_01789.jpg,,,,,3
bottom_right_01790.jpg,,,,,3
bottom_right_01791.jpg,,,,,2
bottom_right_01793.jpg,,,,,7
bottom_right_01794.jpg,,,,,2
bottom_right_01797.jpg,,,,,6
bottom_right_01798.jpg,,,,,1
bottom_right_01800.jpg,,,,,3
bottom_right_01801.jpg,,,,,6
bottom_right_01802.jpg,,,,,6
bottom_right_01803.jpg,,,,,1
bottom_right_01804.jpg,,,,,5
bottom_right_01805.jpg,,,,,1
bottom_right_01806.jpg,,,,,3
bottom_right_01807.jpg,,,,,1
bottom_right_01808.jpg,,,,,3
bottom_right_01809.jpg,,,,,4
bottom_right_01811.jpg,,,,,6
bottom_right_01813.jpg,,,,,6
bottom_right_01814.jpg,,,,,4
bottom_right_01815.jpg,,,,,3
bottom_right_01817.jpg,,,,,6
bottom_right_01818.jpg,,,,,1
bottom_right_01820.jpg,,,,,4
bottom_right_01821.jpg,,,,,4
bottom_right_01822.jpg,,,,,2
bottom_right_01824.jpg,,,,,6
bottom_right_01825.jpg,,,,,4
bottom_right_01827.jpg,,,,,4
bottom_right_01828.jpg,,,,,4
bottom_right_01829.jpg,,,,,2
bottom_right_01830.jpg,,,,,6
bottom_right_01831.jpg,,,,,7
bottom_right_01832.jpg,,,,,6
bottom_right_01833.jpg,,,,,1
bottom_right_01834.jpg,,,,,3
bottom_right_01835.jpg,,,,,3
bottom_right_01836.jpg,,,,,3
bottom_right_01837.jpg,,,,,3
bottom_right_01839.jpg,,,,,4
bottom_right_01840.jpg,,,,,1
bottom_right_01841.jpg,,,,,4
bottom_right_01842.jpg,,,,,1
bottom_right_01843.jpg,,,,,6
bottom_right_01844.jpg,,,,,4
bottom_right_01845.jpg,,,,,4
bottom_right_01846.jpg,,,,,1
bottom_right_01848.jpg,,,,,4
bottom_right_01849.jpg,,,,,6
bottom_right_01850.jpg,,,,,4
bottom_right_01853.jpg,,,,,4
bottom_right_01854.jpg,,,,,4
bottom_right_01855.jpg,,,,,4
bottom_right_01856.jpg,,,,,6
bottom_right_01857.jpg,,,,,4
bottom_right_01858.jpg,,,,,4
bottom_right_01859.jpg,,,,,1
bottom_right_01860.jpg,,,,,2
bottom_right_01861.jpg,,,,,6
bottom_right_01864.jpg,,,,,1
bottom_right_01865.jpg,,,,,2
bottom_right_01866.jpg,,,,,2
bottom_right_01867.jpg,,,,,6
bottom_right_01868.jpg,,,,,4
bottom_right_01869.jpg,,,,,3
bottom_right_01870.jpg,,,,,4
bottom_right_01871.jpg,,,,,4
bottom_right_01872.jpg,,,,,4
bottom_right_01874.jpg,,,,,3
bottom_right_01875.jpg,,,,,4
bottom_right_01876.jpg,,,,,4
bottom_right_01877.jpg,,,,,1
bottom_right_01878.jpg,,,,,6
bottom_right_01880.jpg,,,,,1
bottom_right_01881.jpg,,,,,4
bottom_right_01882.jpg,,,,,6
bottom_right_01883.jpg,,,,,1
bottom_right_01884.jpg,,,,,3
bottom_right_01885.jpg,,,,,2
bottom_right_01887.jpg,,,,,1
bottom_right_01890.jpg,,,,,4
bottom_right_01891.jpg,,,,,4
bottom_right_01892.jpg,,,,,6
bottom_right_01893.jpg,,,,,7
bottom_right_01894.jpg,,,,,4
bottom_right_01895.jpg,,,,,6
bottom_right_01896.jpg,,,,,6
bottom_right_01897.jpg,,,,,3
bottom_right_01898.jpg,,,,,4
bottom_right_01899.jpg,,,,,4
bottom_right_01900.jpg,,,,,4
bottom_right_01901.jpg,,,,,2
bottom_right_01902.jpg,,,,,3
bottom_right_01904.jpg,,,,,6
bottom_right_01905.jpg,,,,,3
bottom_right_01906.jpg,,,,,6
bottom_right_01907.jpg,,,,,3
bottom_right_01908.jpg,,,,,4
bottom_right_01910.jpg,,,,,2
bottom_right_01911.jpg,,,,,1
bottom_right_01912.jpg,,,,,7
bottom_right_01913.jpg,,,,,4
bottom_right_01914.jpg,,,,,7
bottom_right_01915.jpg,,,,,4
bottom_right_01917.jpg,,,,,6
bottom_right_01918.jpg,,,,,6
bottom_right_01920.jpg,,,,,7
bottom_right_01921.jpg,,,,,3
bottom_right_01922.jpg,,,,,4
bottom_right_01923.jpg,,,,,1
bottom_right_01924.jpg,,,,,6
bottom_right_01927.jpg,,,,,6
bottom_right_01929.jpg,,,,,1
bottom_right_01930.jpg,,,,,4
bottom_right_01931.jpg,,,,,4
bottom_right_01932.jpg,,,,,6
bottom_right_01933.jpg,,,,,5
bottom_right_01934.jpg,,,,,4
bottom_right_01935.jpg,,,,,1
bottom_right_01936.jpg,,,,,6
bottom_right_01938.jpg,,,,,3
bottom_right_01940.jpg,,,,,4
bottom_right_01941.jpg,,,,,3
bottom_right_01944.jpg,,,,,1
bottom_right_01945.jpg,,,,,6
bottom_right_01947.jpg,,,,,3
bottom_right_01948.jpg,,,,,1
bottom_right_01949.jpg,,,,,7
bottom_right_01950.jpg,,,,,1
bottom_right_01951.jpg,,,,,6
bottom_right_01952.jpg,,,,,6
bottom_right_01953.jpg,,,,,5
bottom_right_01954.jpg,,,,,2
bottom_right_01955.jpg,,,,,4
bottom_right_01956.jpg,,,,,5
bottom_right_01957.jpg,,,,,4
bottom_right_01959.jpg,,,,,5
bottom_right_01960.jpg,,,,,7
bottom_right_01961.jpg,,,,,4
bottom_right_01962.jpg,,,,,1
bottom_right_01963.jpg,,,,,1
bottom_right_01966.jpg,,,,,6
bottom_right_01967.jpg,,,,,3
bottom_right_01968.jpg,,,,,5
bottom_right_01970.jpg,,,,,4
bottom_right_01972.jpg,,,,,4
bottom_right_01974.jpg,,,,,2
bottom_right_01975.jpg,,,,,5
bottom_right_01977.jpg,,,,,3
bottom_right_01978.jpg,,,,,4
bottom_right_01980.jpg,,,,,6
bottom_right_01983.jpg,,,,,3
bottom_right_01984.jpg,,,,,5
bottom_right_01985.jpg,,,,,4
bottom_right_01987.jpg,,,,,6
bottom_right_01988.jpg,,,,,4
bottom_right_01989.jpg,,,,,1
bottom_right_01990.jpg,,,,,6
bottom_right_01991.jpg,,,,,6
bottom_right_01992.jpg,,,,,4
bottom_right_01993.jpg,,,,,1
bottom_right_01995.jpg,,,,,1
bottom_right_01996.jpg,,,,,4
bottom_right_01997.jpg,,,,,2
bottom_right_01999.jpg,,,,,3
bottom_right_02000.jpg,,,,,4
bottom_right_02001.jpg,,,,,6
bottom_right_02002.jpg,,,,,6
bottom_right_02003.jpg,,,,,1
bottom_right_02004.jpg,,,,,4
bottom_right_02005.jpg,,,,,1
bottom_right_02006.jpg,,,,,1
bottom_right_02007.jpg,,,,,1
bottom_right_02008.jpg,,,,,4
bottom_right_02009.jpg,,,,,1
bottom_right_02010.jpg,,,,,6
bottom_right_02011.jpg,,,,,2
bottom_right_02012.jpg,,,,,3
bottom_right_02013.jpg,,,,,2
bottom_right_02014.jpg,,,,,3
bottom_right_02015.jpg,,,,,4
bottom_right_02018.jpg,,,,,6
bottom_right_02019.jpg,,,,,6
bottom_right_02020.jpg,,,,,1
bottom_right_02021.jpg,,,,,6
bottom_right_02022.jpg,,,,,4
bottom_right_02024.jpg,,,,,6
bottom_right_02025.jpg,,,,,1
bottom_right_02026.jpg,,,,,3
bottom_right_02027.jpg,,,,,1
bottom_right_02030.jpg,,,,,6
bottom_right_02031.jpg,,,,,3
bottom_right_02032.jpg,,,,,4
bottom_right_02033.jpg,,,,,1
bottom_right_02034.jpg,,,,,3
bottom_right_02035.jpg,,,,,6
bottom_right_02036.jpg,,,,,7
bottom_right_02038.jpg,,,,,4
bottom_right_02039.jpg,,,,,4
bottom_right_02040.jpg,,,,,5
bottom_right_02043.jpg,,,,,6
bottom_right_02044.jpg,,,,,4
bottom_right_02045.jpg,,,,,4
bottom_right_02046.jpg,,,,,6
bottom_right_02047.jpg,,,,,5
bottom_right_02048.jpg,,,,,6
bottom_right_02049.jpg,,,,,3
bottom_right_02050.jpg,,,,,6
bottom_right_02051.jpg,,,,,4
bottom_right_02052.jpg,,,,,5
bottom_right_02053.jpg,,,,,3
bottom_right_02055.jpg,,,,,1
bottom_right_02056.jpg,,,,,4
bottom_right_02058.jpg,,,,,1
bottom_right_02059.jpg,,,,,4
bottom_right_02060.jpg,,,,,5
bottom_right_02061.jpg,,,,,2
bottom_right_02063.jpg,,,,,4
bottom_right_02064.jpg,,,,,6
bottom_right_02065.jpg,,,,,4
bottom_right_02066.jpg,,,,,2
bottom_right_02067.jpg,,,,,4
bottom_right_02068.jpg,,,,,4
bottom_right_02069.jpg,,,,,2
bottom_right_02070.jpg,,,,,6
bottom_right_02072.jpg,,,,,6
bottom_right_02073.jpg,,,,,1
bottom_right_02074.jpg,,,,,3
bottom_right_02078.jpg,,,,,4
bottom_right_02079.jpg,,,,,3
bottom_right_02080.jpg,,,,,6
bottom_right_02081.jpg,,,,,6
bottom_right_02082.jpg,,,,,6
bottom_right_02083.jpg,,,,,5
bottom_right_02084.jpg,,,,,1
bottom_right_02085.jpg,,,,,7
bottom_right_02086.jpg,,,,,2
bottom_right_02088.jpg,,,,,6
bottom_right_02090.jpg,,,,,6
bottom_right_02091.jpg,,,,,1
bottom_right_02092.jpg,,,,,4
bottom_right_02093.jpg,,,,,3
bottom_right_02094.jpg,,,,,6
bottom_right_02095.jpg,,,,,1
bottom_right_02096.jpg,,,,,4
bottom_right_02097.jpg,,,,,3
bottom_right_02098.jpg,,,,,6
bottom_right_02099.jpg,,,,,3
bottom_right_02100.jpg,,,,,6
bottom_right_02101.jpg,,,,,3
bottom_right_02104.jpg,,,,,4
bottom_right_02105.jpg,,,,,1
bottom_right_02106.jpg,,,,,6
bottom_right_02107.jpg,,,,,3
bottom_right_02108.jpg,,,,,6
bottom_right_02109.jpg,,,,,6
bottom_right_02110.jpg,,,,,4
bottom_right_02111.jpg,,,,,4
bottom_right_02112.jpg,,,,,3
bottom_right_02114.jpg,,,,,4
bottom_right_02115.jpg,,,,,4
bottom_right_02117.jpg,,,,,1
bottom_right_02118.jpg,,,,,1
bottom_right_02119.jpg,,,,,4
bottom_right_02120.jpg,,,,,6
bottom_right_02121.jpg,,,,,5
bottom_right_02123.jpg,,,,,4
bottom_right_02124.jpg,,,,,5
bottom_right_02125.jpg,,,,,3
bottom_right_02126.jpg,,,,,6
bottom_right_02128.jpg,,,,,4
bottom_right_02129.jpg,,,,,6
bottom_right_02130.jpg,,,,,2
bottom_right_02131.jpg,,,,,6
bottom_right_02132.jpg,,,,,3
bottom_right_02133.jpg,,,,,4
bottom_right_02134.jpg,,,,,5
bottom_right_02135.jpg,,,,,3
bottom_right_02136.jpg,,,,,6
bottom_right_02137.jpg,,,,,4
bottom_right_02138.jpg,,,,,4
bottom_right_02140.jpg,,,,,4
bottom_right_02142.jpg,,,,,3
bottom_right_02143.jpg,,,,,1
bottom_right_02144.jpg,,,,,4
bottom_right_02145.jpg,,,,,6
bottom_right_02147.jpg,,,,,2
bottom_right_02148.jpg,,,,,6
bottom_right_02149.jpg,,,,,6
bottom_right_02150.jpg,,,,,7
bottom_right_02151.jpg,,,,,6
bottom_right_02153.jpg,,,,,7
bottom_right_02154.jpg,,,,,4
bottom_right_02157.jpg,,,,,6
bottom_right_02159.jpg,,,,,1
bottom_right_02160.jpg,,,,,7
bottom_right_02161.jpg,,,,,6
bottom_right_02163.jpg,,,,,2
bottom_right_02165.jpg,,,,,4
bottom_right_02166.jpg,,,,,4
bottom_right_02168.jpg,,,,,1
bottom_right_02169.jpg,,,,,3
bottom_right_02170.jpg,,,,,3
bottom_right_02172.jpg,,,,,1
bottom_right_02173.jpg,,,,,4
bottom_right_02174.jpg,,,,,6
bottom_right_02175.jpg,,,,,4
bottom_right_02176.jpg,,,,,4
bottom_right_02177.jpg,,,,,1
bottom_right_02179.jpg,,,,,6
bottom_right_02180.jpg,,,,,2
bottom_right_02181.jpg,,,,,6
bottom_right_02183.jpg,,,,,6
bottom_right_02184.jpg,,,,,1
bottom_right_02185.jpg,,,,,4
bottom_right_02186.jpg,,,,,2
bottom_right_02187.jpg,,,,,6
bottom_right_02189.jpg,,,,,1
bottom_right_02190.jpg,,,,,1
bottom_right_02191.jpg,,,,,4
bottom_right_02192.jpg,,,,,6
bottom_right_02194.jpg,,,,,1
bottom_right_02195.jpg,,,,,1
bottom_right_02196.jpg,,,,,3
bottom_right_02198.jpg,,,,,4
bottom_right_02199.jpg,,,,,1
bottom_right_02200.jpg,,,,,5
bottom_right_02201.jpg,,,,,1
bottom_right_02202.jpg,,,,,5
bottom_right_02203.jpg,,,,,5
bottom_right_02204.jpg,,,,,4
bottom_right_02205.jpg,,,,,5
bottom_right_02206.jpg,,,,,6
bottom_right_02207.jpg,,,,,4
bottom_right_02209.jpg,,,,,3
bottom_right_02210.jpg,,,,,4
bottom_right_02211.jpg,,,,,7
bottom_right_02212.jpg,,,,,3
bottom_right_02213.jpg,,,,,4
bottom_right_02215.jpg,,,,,6
bottom_right_02217.jpg,,,,,2
bottom_right_02218.jpg,,,,,6
bottom_right_02219.jpg,,,,,6
bottom_right_02220.jpg,,,,,1
bottom_right_02221.jpg,,,,,6
bottom_right_02225.jpg,,,,,3
bottom_right_02226.jpg,,,,,4
bottom_right_02227.jpg,,,,,4
bottom_right_02228.jpg,,,,,4
bottom_right_02230.jpg,,,,,3
bottom_right_02231.jpg,,,,,4
bottom_right_02232.jpg,,,,,4
bottom_right_02233.jpg,,,,,1
bottom_right_02235.jpg,,,,,5
bottom_right_02238.jpg,,,,,4
bottom_right_02239.jpg,,,,,6
bottom_right_02240.jpg,,,,,5
bottom_right_02242.jpg,,,,,7
bottom_right_02243.jpg,,,,,7
bottom_right_02244.jpg,,,,,1
bottom_right_02245.jpg,,,,,6
bottom_right_02246.jpg,,,,,4
bottom_right_02247.jpg,,,,,3
bottom_right_02248.jpg,,,,,5
bottom_right_02249.jpg,,,,,2
bottom_right_02250.jpg,,,,,4
bottom_right_02252.jpg,,,,,4
bottom_right_02254.jpg,,,,,3
bottom_right_02255.jpg,,,,,4
bottom_right_02256.jpg,,,,,1
bottom_right_02257.jpg,,,,,5
bottom_right_02258.jpg,,,,,4
bottom_right_02259.jpg,,,,,4
bottom_right_02260.jpg,,,,,4
bottom_right_02261.jpg,,,,,4
bottom_right_02262.jpg,,,,,2
bottom_right_02263.jpg,,,,,4
bottom_right_02265.jpg,,,,,3
bottom_right_02266.jpg,,,,,6
bottom_right_02267.jpg,,,,,2
bottom_right_02268.jpg,,,,,7
bottom_right_02269.jpg,,,,,6
bottom_right_02270.jpg,,,,,1
bottom_right_02271.jpg,,,,,3
bottom_right_02272.jpg,,,,,2
bottom_right_02273.jpg,,,,,4
bottom_right_02274.jpg,,,,,5
bottom_right_02275.jpg,,,,,6
bottom_right_02276.jpg,,,,,5
bottom_right_02277.jpg,,,,,4
bottom_right_02278.jpg,,,,,6
bottom_right_02279.jpg,,,,,4
bottom_right_02280.jpg,,,,,6
bottom_right_02281.jpg,,,,,5
bottom_right_02282.jpg,,,,,1
bottom_right_02283.jpg,,,,,6
bottom_right_02284.jpg,,,,,4
bottom_right_02287.jpg,,,,,1
bottom_right_02288.jpg,,,,,3
bottom_right_02289.jpg,,,,,4
bottom_right_02290.jpg,,,,,7
bottom_right_02291.jpg,,,,,6
bottom_right_02293.jpg,,,,,2
bottom_right_02294.jpg,,,,,3
bottom_right_02295.jpg,,,,,3
bottom_right_02296.jpg,,,,,5
bottom_right_02297.jpg,,,,,6
bottom_right_02298.jpg,,,,,3
bottom_right_02299.jpg,,,,,5
bottom_right_02300.jpg,,,,,4
bottom_right_02301.jpg,,,,,6
bottom_right_02303.jpg,,,,,6
bottom_right_02304.jpg,,,,,4
bottom_right_02307.jpg,,,,,1
bottom_right_02308.jpg,,,,,4
bottom_right_02309.jpg,,,,,1
bottom_right_02311.jpg,,,,,6
bottom_right_02312.jpg,,,,,5
bottom_right_02313.jpg,,,,,4
bottom_right_02314.jpg,,,,,4
bottom_right_02315.jpg,,,,,1
bottom_right_02316.jpg,,,,,7
bottom_right_02317.jpg,,,,,7
bottom_right_02318.jpg,,,,,3
bottom_right_02319.jpg,,,,,6
bottom_right_02320.jpg,,,,,6
bottom_right_02321.jpg,,,,,1
bottom_right_02323.jpg,,,,,1
bottom_right_02324.jpg,,,,,4
bottom_right_02325.jpg,,,,,1
bottom_right_02327.jpg,,,,,6
bottom_right_02328.jpg,,,,,1
bottom_right_02329.jpg,,,,,1
bottom_right_02330.jpg,,,,,4
bottom_right_02331.jpg,,,,,6
bottom_right_02332.jpg,,,,,6
bottom_right_02333.jpg,,,,,3
bottom_right_02334.jpg,,,,,1
bottom_right_02336.jpg,,,,,6
bottom_right_02337.jpg,,,,,1
bottom_right_02338.jpg,,,,,1
bottom_right_02342.jpg,,,,,4
bottom_right_02344.jpg,,,,,4
bottom_right_02345.jpg,,,,,6
bottom_right_02347.jpg,,,,,5
bottom_right_02349.jpg,,,,,4
bottom_right_02350.jpg,,,,,4
bottom_right_02351.jpg,,,,,4
bottom_right_02352.jpg,,,,,1
bottom_right_02353.jpg,,,,,4
bottom_right_02354.jpg,,,,,6
bottom_right_02355.jpg,,,,,4
bottom_right_02356.jpg,,,,,2
bottom_right_02358.jpg,,,,,7
bottom_right_02359.jpg,,,,,2
bottom_right_02360.jpg,,,,,3
bottom_right_02361.jpg,,,,,6
bottom_right_02363.jpg,,,,,6
bottom_right_02364.jpg,,,,,4
bottom_right_02365.jpg,,,,,3
bottom_right_02366.jpg,,,,,6
bottom_right_02367.jpg,,,,,4
bottom_right_02368.jpg,,,,,5
bottom_right_02369.jpg,,,,,6
bottom_right_02370.jpg,,,,,1
bottom_right_02371.jpg,,,,,5
bottom_right_02373.jpg,,,,,4
bottom_right_02374.jpg,,,,,4
bottom_right_02375.jpg,,,,,6
bottom_right_02376.jpg,,,,,2
bottom_right_02378.jpg,,,,,1
bottom_right_02379.jpg,,,,,4
bottom_right_02380.jpg,,,,,1
bottom_right_02382.jpg,,,,,4
bottom_right_02383.jpg,,,,,7
bottom_right_02384.jpg,,,,,2
bottom_right_02385.jpg,,,,,3
bottom_right_02386.jpg,,,,,4
bottom_right_02387.jpg,,,,,1
bottom_right_02388.jpg,,,,,5
bottom_right_02390.jpg,,,,,6
bottom_right_02391.jpg,,,,,6
bottom_right_02393.jpg,,,,,6
bottom_right_02394.jpg,,,,,6
bottom_right_02396.jpg,,,,,3
bottom_right_02397.jpg,,,,,4
bottom_right_02398.jpg,,,,,3
bottom_right_02399.jpg,,,,,6
bottom_right_02401.jpg,,,,,2
bottom_right_02402.jpg,,,,,6
bottom_right_02403.jpg,,,,,6
bottom_right_02404.jpg,,,,,6
bottom_right_02405.jpg,,,,,4
bottom_right_02406.jpg,,,,,4
bottom_right_02408.jpg,,,,,6
bottom_right_02410.jpg,,,,,6
bottom_right_02411.jpg,,,,,6
bottom_right_02412.jpg,,,,,4
bottom_right_02413.jpg,,,,,6
bottom_right_02414.jpg,,,,,4
bottom_right_02415.jpg,,,,,5
bottom_right_02416.jpg,,,,,1
bottom_right_02417.jpg,,,,,2
bottom_right_02420.jpg,,,,,4
bottom_right_02421.jpg,,,,,6
bottom_right_02422.jpg,,,,,4
bottom_right_02423.jpg,,,,,4
bottom_right_02424.jpg,,,,,2
bottom_right_02425.jpg,,,,,6
bottom_right_02426.jpg,,,,,4
bottom_right_02427.jpg,,,,,1
bottom_right_02429.jpg,,,,,2
bottom_right_02431.jpg,,,,,1
bottom_right_02432.jpg,,,,,6
bottom_right_02433.jpg,,,,,4
bottom_right_02434.jpg,,,,,2
bottom_right_02436.jpg,,,,,4
bottom_right_02437.jpg,,,,,4
bottom_right_02438.jpg,,,,,2
bottom_right_02439.jpg,,,,,7
bottom_right_02440.jpg,,,,,6
bottom_right_02441.jpg,,,,,4
bottom_right_02442.jpg,,,,,4
bottom_right_02443.jpg,,,,,3
bottom_right_02444.jpg,,,,,3
bottom_right_02445.jpg,,,,,6
bottom_right_02446.jpg,,,,,1
bottom_right_02448.jpg,,,,,3
bottom_right_02450.jpg,,,,,4
bottom_right_02452.jpg,,,,,4
bottom_right_02453.jpg,,,,,3
bottom_right_02454.jpg,,,,,6
bottom_right_02455.jpg,,,,,3
bottom_right_02456.jpg,,,,,1
bottom_right_02457.jpg,,,,,4
bottom_right_02459.jpg,,,,,1
bottom_right_02460.jpg,,,,,6
bottom_right_02461.jpg,,,,,2
bottom_right_02462.jpg,,,,,6
bottom_right_02463.jpg,,,,,4
bottom_right_02464.jpg,,,,,1
bottom_right_02465.jpg,,,,,4
bottom_right_02466.jpg,,,,,3
bottom_right_02467.jpg,,,,,2
bottom_right_02468.jpg,,,,,4
bottom_right_02469.jpg,,,,,2
bottom_right_02470.jpg,,,,,2
bottom_right_02471.jpg,,,,,1
bottom_right_02472.jpg,,,,,4
bottom_right_02474.jpg,,,,,1
bottom_right_02475.jpg,,,,,1
bottom_right_02476.jpg,,,,,6
bottom_right_02477.jpg,,,,,1
bottom_right_02480.jpg,,,,,1
bottom_right_02481.jpg,,,,,4
bottom_right_02482.jpg,,,,,3
bottom_right_02483.jpg,,,,,7
bottom_right_02485.jpg,,,,,6
bottom_right_02486.jpg,,,,,5
bottom_right_02487.jpg,,,,,1
bottom_right_02488.jpg,,,,,3
bottom_right_02489.jpg,,,,,1
bottom_right_02490.jpg,,,,,6
bottom_right_02491.jpg,,,,,4
bottom_right_02492.jpg,,,,,4
bottom_right_02493.jpg,,,,,4
bottom_right_02494.jpg,,,,,3
bottom_right_02495.jpg,,,,,4
bottom_right_02496.jpg,,,,,6
bottom_right_02497.jpg,,,,,1
bottom_right_02499.jpg,,,,,6
bottom_right_02500.jpg,,,,,4
bottom_right_02502.jpg,,,,,4
bottom_right_02503.jpg,,,,,5
bottom_right_02504.jpg,,,,,1
bottom_right_02507.jpg,,,,,4
bottom_right_02508.jpg,,,,,6
bottom_right_02509.jpg,,,,,6
bottom_right_02510.jpg,,,,,1
bottom_right_02511.jpg,,,,,6
bottom_right_02512.jpg,,,,,3
bottom_right_02513.jpg,,,,,6
bottom_right_02514.jpg,,,,,6
bottom_right_02515.jpg,,,,,3
bottom_right_02517.jpg,,,,,4
bottom_right_02518.jpg,,,,,3
bottom_right_02519.jpg,,,,,7
bottom_right_02520.jpg,,,,,1
bottom_right_02521.jpg,,,,,4
bottom_right_02522.jpg,,,,,6
bottom_right_02523.jpg,,,,,4
bottom_right_02524.jpg,,,,,3
bottom_right_02525.jpg,,,,,4
bottom_right_02526.jpg,,,,,1
bottom_right_02527.jpg,,,,,1
bottom_right_02529.jpg,,,,,4
bottom_right_02530.jpg,,,,,4
bottom_right_02531.jpg,,,,,6
bottom_right_02532.jpg,,,,,2
bottom_right_02534.jpg,,,,,4
bottom_right_02535.jpg,,,,,2
bottom_right_02539.jpg,,,,,2
bottom_right_02540.jpg,,,,,4
bottom_right_02542.jpg,,,,,6
bottom_right_02544.jpg,,,,,5
bottom_right_02546.jpg,,,,,3
bottom_right_02547.jpg,,,,,3
bottom_right_02548.jpg,,,,,7
bottom_right_02550.jpg,,,,,4
bottom_right_02551.jpg,,,,,3
bottom_right_02552.jpg,,,,,4
bottom_right_02553.jpg,,,,,1
bottom_right_02555.jpg,,,,,6
bottom_right_02557.jpg,,,,,7
bottom_right_02558.jpg,,,,,6
bottom_right_02560.jpg,,,,,4
bottom_right_02561.jpg,,,,,4
bottom_right_02562.jpg,,,,,4
bottom_right_02564.jpg,,,,,7
bottom_right_02565.jpg,,,,,6
bottom_right_02566.jpg,,,,,4
bottom_right_02567.jpg,,,,,4
bottom_right_02568.jpg,,,,,1
bottom_right_02569.jpg,,,,,5
bottom_right_02571.jpg,,,,,6
bottom_right_02572.jpg,,,,,4
bottom_right_02573.jpg,,,,,1
bottom_right_02574.jpg,,,,,5
bottom_right_02575.jpg,,,,,4
bottom_right_02576.jpg,,,,,6
bottom_right_02577.jpg,,,,,1
bottom_right_02578.jpg,,,,,3
bottom_right_02580.jpg,,,,,1
bottom_right_02581.jpg,,,,,4
bottom_right_02582.jpg,,,,,4
bottom_right_02583.jpg,,,,,4
bottom_right_02586.jpg,,,,,4
bottom_right_02587.jpg,,,,,4
bottom_right_02588.jpg,,,,,3
bottom_right_02589.jpg,,,,,4
bottom_right_02590.jpg,,,,,4
bottom_right_02591.jpg,,,,,1
bottom_right_02592.jpg,,,,,7
bottom_right_02595.jpg,,,,,4
bottom_right_02597.jpg,,,,,3
bottom_right_02598.jpg,,,,,1
bottom_right_02599.jpg,,,,,3
bottom_right_02600.jpg,,,,,4
bottom_right_02601.jpg,,,,,6
bottom_right_02602.jpg,,,,,4
bottom_right_02603.jpg,,,,,4
bottom_right_02605.jpg,,,,,1
bottom_right_02606.jpg,,,,,6
bottom_right_02607.jpg,,,,,6
bottom_right_02608.jpg,,,,,6
bottom_right_02609.jpg,,,,,7
bottom_right_02610.jpg,,,,,3
bottom_right_02612.jpg,,,,,2
bottom_right_02613.jpg,,,,,1
bottom_right_02616.jpg,,,,,1
bottom_right_02617.jpg,,,,,4
bottom_right_02618.jpg,,,,,3
bottom_right_02619.jpg,,,,,4
bottom_right_02621.jpg,,,,,4
bottom_right_02622.jpg,,,,,3
bottom_right_02623.jpg,,,,,2
bottom_right_02625.jpg,,,,,1
bottom_right_02626.jpg,,,,,4
bottom_right_02627.jpg,,,,,1
bottom_right_02628.jpg,,,,,3
bottom_right_02629.jpg,,,,,2
bottom_right_02630.jpg,,,,,4
bottom_right_02631.jpg,,,,,4
bottom_right_02632.jpg,,,,,1
bottom_right_02633.jpg,,,,,5
bottom_right_02634.jpg,,,,,3
bottom_right_02635.jpg,,,,,4
bottom_right_02636.jpg,,,,,1
bottom_right_02638.jpg,,,,,6
bottom_right_02640.jpg,,,,,3
bottom_right_02641.jpg,,,,,1
bottom_right_02642.jpg,,,,,4
bottom_right_02643.jpg,,,,,6
bottom_right_02644.jpg,,,,,3
bottom_right_02645.jpg,,,,,1
bottom_right_02646.jpg,,,,,5
bottom_right_02647.jpg,,,,,1
bottom_right_02649.jpg,,,,,1
bottom_right_02650.jpg,,,,,4
bottom_right_02651.jpg,,,,,5
bottom_right_02652.jpg,,,,,6
bottom_right_02653.jpg,,,,,4
bottom_right_02654.jpg,,,,,5
bottom_right_02655.jpg,,,,,6
bottom_right_02656.jpg,,,,,4
bottom_right_02657.jpg,,,,,1
bottom_right_02658.jpg,,,,,7
bottom_right_02659.jpg,,,,,6
bottom_right_02660.jpg,,,,,1
bottom_right_02661.jpg,,,,,6
bottom_right_02663.jpg,,,,,4
bottom_right_02664.jpg,,,,,1
bottom_right_02665.jpg,,,,,2
bottom_right_02666.jpg,,,,,4
bottom_right_02667.jpg,,,,,5
bottom_right_02669.jpg,,,,,4
bottom_right_02670.jpg,,,,,4
bottom_right_02671.jpg,,,,,2
bottom_right_02672.jpg,,,,,7
bottom_right_02674.jpg,,,,,1
bottom_right_02675.jpg,,,,,5
bottom_right_02676.jpg,,,,,1
bottom_right_02677.jpg,,,,,6
bottom_right_02678.jpg,,,,,6
bottom_right_02679.jpg,,,,,6
bottom_right_02680.jpg,,,,,4
bottom_right_02682.jpg,,,,,1
bottom_right_02683.jpg,,,,,1
bottom_right_02684.jpg,,,,,3
bottom_right_02687.jpg,,,,,4
bottom_right_02688.jpg,,,,,4
bottom_right_02690.jpg,,,,,6
bottom_right_02691.jpg,,,,,1
bottom_right_02692.jpg,,,,,2
bottom_right_02694.jpg,,,,,4
bottom_right_02695.jpg,,,,,5
bottom_right_02697.jpg,,,,,6
bottom_right_02699.jpg,,,,,1
bottom_right_02700.jpg,,,,,6
bottom_right_02701.jpg,,,,,1
bottom_right_02702.jpg,,,,,6
bottom_right_02703.jpg,,,,,6
bottom_right_02704.jpg,,,,,1
bottom_right_02705.jpg,,,,,2
bottom_right_02706.jpg,,,,,3
bottom_right_02707.jpg,,,,,4
bottom_right_02708.jpg,,,,,4
bottom_right_02710.jpg,,,,,2
bottom_right_02712.jpg,,,,,6
bottom_right_02713.jpg,,,,,5
bottom_right_02714.jpg,,,,,1
bottom_right_02715.jpg,,,,,4
bottom_right_02718.jpg,,,,,4
bottom_right_02719.jpg,,,,,5
bottom_right_02720.jpg,,,,,6
bottom_right_02721.jpg,,,,,7
bottom_right_02723.jpg,,,,,1
bottom_right_02725.jpg,,,,,1
bottom_right_02726.jpg,,,,,1
bottom_right_02728.jpg,,,,,4
bottom_right_02729.jpg,,,,,6
bottom_right_02730.jpg,,,,,4
bottom_right_02732.jpg,,,,,7
bottom_right_02734.jpg,,,,,7
bottom_right_02735.jpg,,,,,1
bottom_right_02736.jpg,,,,,4
bottom_right_02738.jpg,,,,,1
bottom_right_02739.jpg,,,,,4
bottom_right_02740.jpg,,,,,5
bottom_right_02741.jpg,,,,,4
bottom_right_02742.jpg,,,,,2
bottom_right_02743.jpg,,,,,6
bottom_right_02744.jpg,,,,,4
bottom_right_02745.jpg,,,,,1
bottom_right_02746.jpg,,,,,5
bottom_right_02747.jpg,,,,,6
bottom_right_02748.jpg,,,,,7
bottom_right_02749.jpg,,,,,1
bottom_right_02750.jpg,,,,,4
bottom_right_02752.jpg,,,,,1
bottom_right_02753.jpg,,,,,7
bottom_right_02754.jpg,,,,,2
bottom_right_02755.jpg,,,,,2
bottom_right_02756.jpg,,,,,7
bottom_right_02757.jpg,,,,,4
bottom_right_02758.jpg,,,,,1
bottom_right_02759.jpg,,,,,6
bottom_right_02760.jpg,,,,,1
bottom_right_02761.jpg,,,,,3
bottom_right_02762.jpg,,,,,1
bottom_right_02763.jpg,,,,,6
bottom_right_02764.jpg,,,,,1
bottom_right_02765.jpg,,,,,6
bottom_right_02766.jpg,,,,,1
bottom_right_02767.jpg,,,,,1
bottom_right_02768.jpg,,,,,6
bottom_right_02769.jpg,,,,,6
bottom_right_02770.jpg,,,,,4
bottom_right_02771.jpg,,,,,1
bottom_right_02772.jpg,,,,,1
bottom_right_02775.jpg,,,,,3
bottom_right_02778.jpg,,,,,6
bottom_right_02779.jpg,,,,,6
bottom_right_02780.jpg,,,,,6
bottom_right_02782.jpg,,,,,4
bottom_right_02783.jpg,,,,,4
bottom_right_02784.jpg,,,,,1
bottom_right_02786.jpg,,,,,1
bottom_right_02787.jpg,,,,,4
bottom_right_02789.jpg,,,,,4
bottom_right_02790.jpg,,,,,3
bottom_right_02792.jpg,,,,,3
bottom_right_02793.jpg,,,,,3
bottom_right_02794.jpg,,,,,4
bottom_right_02795.jpg,,,,,6
bottom_right_02798.jpg,,,,,4
bottom_right_02800.jpg,,,,,4
bottom_right_02801.jpg,,,,,4
bottom_right_02803.jpg,,,,,1
bottom_right_02804.jpg,,,,,4
bottom_right_02805.jpg,,,,,3
bottom_right_02806.jpg,,,,,1
bottom_right_02807.jpg,,,,,4
bottom_right_02808.jpg,,,,,3
bottom_right_02810.jpg,,,,,4
bottom_right_02811.jpg,,,,,6
bottom_right_02812.jpg,,,,,4
bottom_right_02814.jpg,,,,,2
bottom_right_02816.jpg,,,,,2
bottom_right_02818.jpg,,,,,7
bottom_right_02819.jpg,,,,,6
bottom_right_02821.jpg,,,,,6
bottom_right_02822.jpg,,,,,2
bottom_right_02823.jpg,,,,,4
bottom_right_02824.jpg,,,,,1
bottom_right_02825.jpg,,,,,5
bottom_right_02826.jpg,,,,,4
bottom_right_02827.jpg,,,,,4
bottom_right_02829.jpg,,,,,6
bottom_right_02830.jpg,,,,,3
bottom_right_02831.jpg,,,,,2
bottom_right_02832.jpg,,,,,4
bottom_right_02833.jpg,,,,,4
bottom_right_02834.jpg,,,,,4
bottom_right_02835.jpg,,,,,4
bottom_right_02836.jpg,,,,,5
bottom_right_02837.jpg,,,,,4
bottom_right_02838.jpg,,,,,2
bottom_right_02839.jpg,,,,,1
bottom_right_02840.jpg,,,,,3
bottom_right_02841.jpg,,,,,2
bottom_right_02842.jpg,,,,,3
bottom_right_02843.jpg,,,,,4
bottom_right_02845.jpg,,,,,4
bottom_right_02846.jpg,,,,,3
bottom_right_02847.jpg,,,,,4
bottom_right_02848.jpg,,,,,6
bottom_right_02849.jpg,,,,,5
bottom_right_02850.jpg,,,,,6
bottom_right_02851.jpg,,,,,4
bottom_right_02852.jpg,,,,,4
bottom_right_02853.jpg,,,,,6
bottom_right_02854.jpg,,,,,5
bottom_right_02858.jpg,,,,,6
bottom_right_02859.jpg,,,,,3
bottom_right_02860.jpg,,,,,2
bottom_right_02862.jpg,,,,,7
bottom_right_02864.jpg,,,,,2
bottom_right_02865.jpg,,,,,1
bottom_right_02868.jpg,,,,,1
bottom_right_02869.jpg,,,,,2
bottom_right_02870.jpg,,,,,4
bottom_right_02871.jpg,,,,,3
bottom_right_02872.jpg,,,,,6
bottom_right_02875.jpg,,,,,1
bottom_right_02876.jpg,,,,,4
bottom_right_02877.jpg,,,,,3
bottom_right_02878.jpg,,,,,7
bottom_right_02879.jpg,,,,,6
bottom_right_02880.jpg,,,,,7
bottom_right_02881.jpg,,,,,6
bottom_right_02882.jpg,,,,,4
bottom_right_02883.jpg,,,,,6
bottom_right_02884.jpg,,,,,1
bottom_right_02886.jpg,,,,,6
bottom_right_02887.jpg,,,,,4
bottom_right_02888.jpg,,,,,4
bottom_right_02889.jpg,,,,,1
bottom_right_02890.jpg,,,,,2
bottom_right_02891.jpg,,,,,5
bottom_right_02892.jpg,,,,,1
bottom_right_02893.jpg,,,,,3
bottom_right_02894.jpg,,,,,1
bottom_right_02895.jpg,,,,,2
bottom_right_02896.jpg,,,,,1
bottom_right_02897.jpg,,,,,4
bottom_right_02899.jpg,,,,,1
bottom_right_02900.jpg,,,,,4
bottom_right_02901.jpg,,,,,6
bottom_right_02903.jpg,,,,,3
bottom_right_02904.jpg,,,,,1
bottom_right_02905.jpg,,,,,4
bottom_right_02906.jpg,,,,,4
bottom_right_02907.jpg,,,,,1
bottom_right_02908.jpg,,,,,1
bottom_right_02909.jpg,,,,,4
bottom_right_02910.jpg,,,,,5
bottom_right_02911.jpg,,,,,1
bottom_right_02912.jpg,,,,,3
bottom_right_02913.jpg,,,,,5
bottom_right_02914.jpg,,,,,4
bottom_right_02915.jpg,,,,,1
bottom_right_02917.jpg,,,,,2
bottom_right_02919.jpg,,,,,1
bottom_right_02920.jpg,,,,,3
bottom_right_02921.jpg,,,,,1
bottom_right_02923.jpg,,,,,1
bottom_right_02924.jpg,,,,,4
bottom_right_02925.jpg,,,,,1
bottom_right_02926.jpg,,,,,3
bottom_right_02927.jpg,,,,,1
bottom_right_02930.jpg,,,,,6
bottom_right_02931.jpg,,,,,2
bottom_right_02932.jpg,,,,,6
bottom_right_02934.jpg,,,,,3
bottom_right_02935.jpg,,,,,6
bottom_right_02937.jpg,,,,,2
bottom_right_02938.jpg,,,,,3
bottom_right_02939.jpg,,,,,1
bottom_right_02940.jpg,,,,,6
bottom_right_02941.jpg,,,,,5
bottom_right_02942.jpg,,,,,6
bottom_right_02943.jpg,,,,,4
bottom_right_02944.jpg,,,,,4
bottom_right_02945.jpg,,,,,3
bottom_right_02946.jpg,,,,,3
bottom_right_02947.jpg,,,,,5
bottom_right_02948.jpg,,,,,1
bottom_right_02949.jpg,,,,,4
bottom_right_02950.jpg,,,,,6
bottom_right_02951.jpg,,,,,4
bottom_right_02952.jpg,,,,,4
bottom_right_02953.jpg,,,,,2
bottom_right_02954.jpg,,,,,6
bottom_right_02955.jpg,,,,,1
bottom_right_02957.jpg,,,,,4
bottom_right_02958.jpg,,,,,4
bottom_right_02959.jpg,,,,,2
bottom_right_02960.jpg,,,,,6
bottom_right_02962.jpg,,,,,3
bottom_right_02963.jpg,,,,,6
bottom_right_02964.jpg,,,,,1
bottom_right_02965.jpg,,,,,6
bottom_right_02966.jpg,,,,,3
bottom_right_02967.jpg,,,,,1
bottom_right_02968.jpg,,,,,4
bottom_right_02969.jpg,,,,,4
bottom_right_02970.jpg,,,,,1
bottom_right_02971.jpg,,,,,6
bottom_right_02972.jpg,,,,,4
bottom_right_02973.jpg,,,,,4
bottom_right_02974.jpg,,,,,4
bottom_right_02975.jpg,,,,,6
bottom_right_02976.jpg,,,,,3
bottom_right_02977.jpg,,,,,6
bottom_right_02978.jpg,,,,,4
bottom_right_02979.jpg,,,,,1
bottom_right_02980.jpg,,,,,4
bottom_right_02982.jpg,,,,,1
bottom_right_02983.jpg,,,,,7
bottom_right_02985.jpg,,,,,6
bottom_right_02986.jpg,,,,,4
bottom_right_02987.jpg,,,,,4
bottom_right_02988.jpg,,,,,5
bottom_right_02989.jpg,,,,,2
bottom_right_02990.jpg,,,,,4
bottom_right_02994.jpg,,,,,5
bottom_right_02995.jpg,,,,,4
bottom_right_02996.jpg,,,,,6
bottom_right_02997.jpg,,,,,2
bottom_right_02999.jpg,,,,,6
bottom_right_03000.jpg,,,,,3
bottom_right_03003.jpg,,,,,2
bottom_right_03004.jpg,,,,,2
bottom_right_03007.jpg,,,,,6
bottom_right_03008.jpg,,,,,6
bottom_right_03009.jpg,,,,,1
bottom_right_03011.jpg,,,,,4
bottom_right_03013.jpg,,,,,4
bottom_right_03015.jpg,,,,,4
bottom_right_03017.jpg,,,,,6
bottom_right_03018.jpg,,,,,4
bottom_right_03019.jpg,,,,,1
bottom_right_03020.jpg,,,,,3
bottom_right_03021.jpg,,,,,2
bottom_right_03022.jpg,,,,,6
bottom_right_03023.jpg,,,,,5
bottom_right_03024.jpg,,,,,7
bottom_right_03025.jpg,,,,,4
bottom_right_03026.jpg,,,,,4
bottom_right_03027.jpg,,,,,2
bottom_right_03028.jpg,,,,,1
bottom_right_03030.jpg,,,,,4
bottom_right_03031.jpg,,,,,1
bottom_right_03032.jpg,,,,,5
bottom_right_03033.jpg,,,,,2
bottom_right_03035.jpg,,,,,4
bottom_right_03036.jpg,,,,,6
bottom_right_03037.jpg,,,,,4
bottom_right_03038.jpg,,,,,4
bottom_right_03039.jpg,,,,,6
bottom_right_03040.jpg,,,,,3
bottom_right_03041.jpg,,,,,6
bottom_right_03042.jpg,,,,,4
bottom_right_03044.jpg,,,,,2
bottom_right_03045.jpg,,,,,6
bottom_right_03047.jpg,,,,,5
bottom_right_03048.jpg,,,,,5
bottom_right_03050.jpg,,,,,4
bottom_right_03051.jpg,,,,,5
bottom_right_03052.jpg,,,,,2
bottom_right_03053.jpg,,,,,1
bottom_right_03054.jpg,,,,,4
bottom_right_03055.jpg,,,,,1
bottom_right_03056.jpg,,,,,7
bottom_right_03057.jpg,,,,,2
bottom_right_03058.jpg,,,,,2
bottom_right_03059.jpg,,,,,6
bottom_right_03060.jpg,,,,,5
bottom_right_03061.jpg,,,,,3
bottom_right_03062.jpg,,,,,3
bottom_right_03063.jpg,,,,,4
bottom_right_03064.jpg,,,,,1
bottom_right_03065.jpg,,,,,6
bottom_right_03067.jpg,,,,,4
bottom_right_03068.jpg,,,,,4
bottom_right_03069.jpg,,,,,1
bottom_right_03070.jpg,,,,,4
bottom_right_03072.jpg,,,,,3
bottom_right_03074.jpg,,,,,3
bottom_right_03075.jpg,,,,,5
bottom_right_03077.jpg,,,,,2
bottom_right_03078.jpg,,,,,3
bottom_right_03079.jpg,,,,,1
bottom_right_03080.jpg,,,,,4
bottom_right_03081.jpg,,,,,4
bottom_right_03082.jpg,,,,,5
bottom_right_03083.jpg,,,,,3
bottom_right_03084.jpg,,,,,2
bottom_right_03085.jpg,,,,,4
bottom_right_03086.jpg,,,,,4
bottom_right_03087.jpg,,,,,4
bottom_right_03088.jpg,,,,,1
bottom_right_03089.jpg,,,,,6
bottom_right_03090.jpg,,,,,6
bottom_right_03092.jpg,,,,,4
bottom_right_03093.jpg,,,,,6
bottom_right_03094.jpg,,,,,3
bottom_right_03095.jpg,,,,,7
bottom_right_03096.jpg,,,,,5
bottom_right_03097.jpg,,,,,3
bottom_right_03099.jpg,,,,,7
bottom_right_03100.jpg,,,,,4
bottom_right_03102.jpg,,,,,5
bottom_right_03103.jpg,,,,,4
bottom_right_03104.jpg,,,,,4
bottom_right_03105.jpg,,,,,6
bottom_right_03107.jpg,,,,,4
bottom_right_03108.jpg,,,,,6
bottom_right_03109.jpg,,,,,6
bottom_right_03110.jpg,,,,,6
bottom_right_03111.jpg,,,,,4
bottom_right_03112.jpg,,,,,2
bottom_right_03113.jpg,,,,,4
bottom_right_03114.jpg,,,,,2
bottom_right_03116.jpg,,,,,6
bottom_right_03117.jpg,,,,,3
bottom_right_03118.jpg,,,,,3
bottom_right_03119.jpg,,,,,4
bottom_right_03120.jpg,,,,,7
bottom_right_03121.jpg,,,,,1
bottom_right_03122.jpg,,,,,5
bottom_right_03123.jpg,,,,,3
bottom_right_03124.jpg,,,,,4
bottom_right_03125.jpg,,,,,2
bottom_right_03126.jpg,,,,,6
bottom_right_03127.jpg,,,,,4
bottom_right_03128.jpg,,,,,1
bottom_right_03129.jpg,,,,,6
bottom_right_03130.jpg,,,,,1
bottom_right_03131.jpg,,,,,6
bottom_right_03132.jpg,,,,,3
bottom_right_03133.jpg,,,,,6
bottom_right_03134.jpg,,,,,6
bottom_right_03135.jpg,,,,,6
bottom_right_03136.jpg,,,,,1
bottom_right_03137.jpg,,,,,7
bottom_right_03138.jpg,,,,,6
bottom_right_03139.jpg,,,,,1
bottom_right_03140.jpg,,,,,6
bottom_right_03141.jpg,,,,,2
bottom_right_03142.jpg,,,,,6
bottom_right_03143.jpg,,,,,6
bottom_right_03144.jpg,,,,,5
bottom_right_03145.jpg,,,,,3
bottom_right_03146.jpg,,,,,6
bottom_right_03147.jpg,,,,,2
bottom_right_03148.jpg,,,,,4
bottom_right_03149.jpg,,,,,4
bottom_right_03150.jpg,,,,,6
bottom_right_03151.jpg,,,,,1
bottom_right_03152.jpg,,,,,4
bottom_right_03154.jpg,,,,,6
bottom_right_03155.jpg,,,,,6
bottom_right_03156.jpg,,,,,6
bottom_right_03157.jpg,,,,,4
bottom_right_03158.jpg,,,,,7
bottom_right_03160.jpg,,,,,5
bottom_right_03161.jpg,,,,,2
bottom_right_03163.jpg,,,,,5
bottom_right_03164.jpg,,,,,6
bottom_right_03165.jpg,,,,,5
bottom_right_03166.jpg,,,,,3
bottom_right_03168.jpg,,,,,4
bottom_right_03169.jpg,,,,,4
bottom_right_03170.jpg,,,,,4
bottom_right_03171.jpg,,,,,3
bottom_right_03175.jpg,,,,,1
bottom_right_03176.jpg,,,,,3
bottom_right_03177.jpg,,,,,2
bottom_right_03179.jpg,,,,,6
bottom_right_03180.jpg,,,,,6
bottom_right_03181.jpg,,,,,1
bottom_right_03183.jpg,,,,,1
bottom_right_03184.jpg,,,,,1
bottom_right_03185.jpg,,,,,5
bottom_right_03186.jpg,,,,,2
bottom_right_03187.jpg,,,,,6
bottom_right_03188.jpg,,,,,2
bottom_right_03189.jpg,,,,,6
bottom_right_03190.jpg,,,,,4
bottom_right_03191.jpg,,,,,4
bottom_right_03192.jpg,,,,,1
bottom_right_03193.jpg,,,,,7
bottom_right_03195.jpg,,,,,3
bottom_right_03197.jpg,,,,,6
bottom_right_03198.jpg,,,,,6
bottom_right_03200.jpg,,,,,2
bottom_right_03201.jpg,,,,,4
bottom_right_03203.jpg,,,,,1
bottom_right_03204.jpg,,,,,7
bottom_right_03206.jpg,,,,,4
bottom_right_03208.jpg,,,,,1
bottom_right_03209.jpg,,,,,6
bottom_right_03210.jpg,,,,,3
bottom_right_03212.jpg,,,,,4
bottom_right_03213.jpg,,,,,1
bottom_right_03215.jpg,,,,,1
bottom_right_03216.jpg,,,,,4
bottom_right_03217.jpg,,,,,4
bottom_right_03218.jpg,,,,,7
bottom_right_03219.jpg,,,,,1
bottom_right_03220.jpg,,,,,3
bottom_right_03221.jpg,,,,,1
bottom_right_03222.jpg,,,,,3
bottom_right_03223.jpg,,,,,3
bottom_right_03224.jpg,,,,,2
bottom_right_03225.jpg,,,,,4
bottom_right_03226.jpg,,,,,1
bottom_right_03227.jpg,,,,,4
bottom_right_03228.jpg,,,,,6
bottom_right_03229.jpg,,,,,4
bottom_right_03230.jpg,,,,,4
bottom_right_03231.jpg,,,,,1
bottom_right_03232.jpg,,,,,6
bottom_right_03233.jpg,,,,,1
bottom_right_03235.jpg,,,,,1
bottom_right_03236.jpg,,,,,5
bottom_right_03237.jpg,,,,,6
bottom_right_03238.jpg,,,,,5
bottom_right_03239.jpg,,,,,1
bottom_right_03240.jpg,,,,,3
bottom_right_03241.jpg,,,,,5
bottom_right_03242.jpg,,,,,5
bottom_right_03243.jpg,,,,,5
bottom_right_03244.jpg,,,,,6
bottom_right_03245.jpg,,,,,1
bottom_right_03246.jpg,,,,,6
bottom_right_03247.jpg,,,,,3
bottom_right_03248.jpg,,,,,4
bottom_right_03250.jpg,,,,,4
bottom_right_03251.jpg,,,,,5
bottom_right_03253.jpg,,,,,4
bottom_right_03254.jpg,,,,,4
bottom_right_03255.jpg,,,,,6
bottom_right_03256.jpg,,,,,4
bottom_right_03258.jpg,,,,,1
bottom_right_03259.jpg,,,,,1
bottom_right_03260.jpg,,,,,6
bottom_right_03261.jpg,,,,,3
bottom_right_03263.jpg,,,,,2
bottom_right_03264.jpg,,,,,2
bottom_right_03265.jpg,,,,,1
bottom_right_03266.jpg,,,,,4
bottom_right_03267.jpg,,,,,4
bottom_right_03269.jpg,,,,,4
bottom_right_03270.jpg,,,,,2
bottom_right_03271.jpg,,,,,6
bottom_right_03272.jpg,,,,,2
bottom_right_03273.jpg,,,,,4
bottom_right_03274.jpg,,,,,6
bottom_right_03275.jpg,,,,,6
bottom_right_03277.jpg,,,,,4
bottom_right_03278.jpg,,,,,1
bottom_right_03279.jpg,,,,,6
bottom_right_03281.jpg,,,,,6
bottom_right_03282.jpg,,,,,5
bottom_right_03283.jpg,,,,,1
bottom_right_03284.jpg,,,,,2
bottom_right_03285.jpg,,,,,4
bottom_right_03286.jpg,,,,,7
bottom_right_03287.jpg,,,,,6
bottom_right_03288.jpg,,,,,4
bottom_right_03289.jpg,,,,,1
bottom_right_03290.jpg,,,,,4
bottom_right_03291.jpg,,,,,5
bottom_right_03292.jpg,,,,,6
bottom_right_03294.jpg,,,,,1
bottom_right_03295.jpg,,,,,3
bottom_right_03296.jpg,,,,,1
bottom_right_03297.jpg,,,,,1
bottom_right_03298.jpg,,,,,4
bottom_right_03299.jpg,,,,,4
bottom_right_03300.jpg,,,,,2
bottom_right_03301.jpg,,,,,1
bottom_right_03302.jpg,,,,,4
bottom_right_03303.jpg,,,,,6
bottom_right_03304.jpg,,,,,4
bottom_right_03305.jpg,,,,,3
bottom_right_03306.jpg,,,,,6
bottom_right_03307.jpg,,,,,6
bottom_right_03308.jpg,,,,,2
bottom_right_03309.jpg,,,,,3
bottom_right_03312.jpg,,,,,3
bottom_right_03313.jpg,,,,,1
bottom_right_03314.jpg,,,,,4
bottom_right_03316.jpg,,,,,2
bottom_right_03317.jpg,,,,,4
bottom_right_03318.jpg,,,,,7
bottom_right_03319.jpg,,,,,3
bottom_right_03320.jpg,,,,,3
bottom_right_03321.jpg,,,,,4
bottom_right_03323.jpg,,,,,1
bottom_right_03325.jpg,,,,,4
bottom_right_03326.jpg,,,,,4
bottom_right_03328.jpg,,,,,7
bottom_right_03329.jpg,,,,,3
bottom_right_03330.jpg,,,,,1
bottom_right_03333.jpg,,,,,4
bottom_right_03334.jpg,,,,,1
bottom_right_03335.jpg,,,,,1
bottom_right_03337.jpg,,,,,6
bottom_right_03338.jpg,,,,,4
bottom_right_03339.jpg,,,,,6
bottom_right_03340.jpg,,,,,4
bottom_right_03342.jpg,,,,,4
bottom_right_03343.jpg,,,,,4
bottom_right_03344.jpg,,,,,4
bottom_right_03345.jpg,,,,,4
bottom_right_03346.jpg,,,,,2
bottom_right_03348.jpg,,,,,6
bottom_right_03349.jpg,,,,,1
bottom_right_03350.jpg,,,,,1
bottom_right_03351.jpg,,,,,4
bottom_right_03352.jpg,,,,,4
bottom_right_03353.jpg,,,,,4
bottom_right_03354.jpg,,,,,6
bottom_right_03355.jpg,,,,,4
bottom_right_03356.jpg,,,,,2
bottom_right_03358.jpg,,,,,4
bottom_right_03359.jpg,,,,,3
bottom_right_03360.jpg,,,,,4
bottom_right_03361.jpg,,,,,6
bottom_right_03362.jpg,,,,,6
bottom_right_03363.jpg,,,,,7
bottom_right_03364.jpg,,,,,3
bottom_right_03366.jpg,,,,,6
bottom_right_03367.jpg,,,,,4
bottom_right_03368.jpg,,,,,4
bottom_right_03371.jpg,,,,,6
bottom_right_03372.jpg,,,,,5
bottom_right_03374.jpg,,,,,4
bottom_right_03375.jpg,,,,,6
bottom_right_03376.jpg,,,,,4
bottom_right_03377.jpg,,,,,7
bottom_right_03378.jpg,,,,,6
bottom_right_03381.jpg,,,,,6
bottom_right_03382.jpg,,,,,2
bottom_right_03383.jpg,,,,,2
bottom_right_03385.jpg,,,,,6
bottom_right_03386.jpg,,,,,1
bottom_right_03388.jpg,,,,,4
bottom_right_03389.jpg,,,,,6
bottom_right_03391.jpg,,,,,5
bottom_right_03392.jpg,,,,,4
bottom_right_03393.jpg,,,,,6
bottom_right_03394.jpg,,,,,4
bottom_right_03395.jpg,,,,,5
bottom_right_03396.jpg,,,,,4
bottom_right_03397.jpg,,,,,4
bottom_right_03399.jpg,,,,,4
bottom_right_03400.jpg,,,,,4
bottom_right_03401.jpg,,,,,6
bottom_right_03402.jpg,,,,,4
bottom_right_03403.jpg,,,,,4
bottom_right_03404.jpg,,,,,4
bottom_right_03405.jpg,,,,,7
bottom_right_03406.jpg,,,,,1
bottom_right_03407.jpg,,,,,1
bottom_right_03408.jpg,,,,,5
bottom_right_03409.jpg,,,,,1
bottom_right_03410.jpg,,,,,4
bottom_right_03411.jpg,,,,,4
bottom_right_03412.jpg,,,,,4
bottom_right_03413.jpg,,,,,1
bottom_right_03414.jpg,,,,,1
bottom_right_03416.jpg,,,,,4
bottom_right_03417.jpg,,,,,4
bottom_right_03418.jpg,,,,,1
bottom_right_03419.jpg,,,,,1
bottom_right_03420.jpg,,,,,3
bottom_right_03422.jpg,,,,,1
bottom_right_03423.jpg,,,,,2
bottom_right_03424.jpg,,,,,4
bottom_right_03425.jpg,,,,,1
bottom_right_03426.jpg,,,,,5
bottom_right_03427.jpg,,,,,1
bottom_right_03428.jpg,,,,,3
bottom_right_03429.jpg,,,,,4
bottom_right_03430.jpg,,,,,2
bottom_right_03433.jpg,,,,,1
bottom_right_03434.jpg,,,,,1
bottom_right_03436.jpg,,,,,1
bottom_right_03437.jpg,,,,,4
bottom_right_03438.jpg,,,,,2
bottom_right_03440.jpg,,,,,6
bottom_right_03442.jpg,,,,,6
bottom_right_03443.jpg,,,,,3
bottom_right_03444.jpg,,,,,6
bottom_right_03445.jpg,,,,,1
bottom_right_03446.jpg,,,,,4
bottom_right_03447.jpg,,,,,6
bottom_right_03449.jpg,,,,,1
bottom_right_03451.jpg,,,,,1
bottom_right_03452.jpg,,,,,1
bottom_right_03454.jpg,,,,,1
bottom_right_03455.jpg,,,,,4
bottom_right_03456.jpg,,,,,4
bottom_right_03458.jpg,,,,,1
bottom_right_03462.jpg,,,,,4
bottom_right_03463.jpg,,,,,7
bottom_right_03464.jpg,,,,,4
bottom_right_03465.jpg,,,,,1
bottom_right_03466.jpg,,,,,6
bottom_right_03467.jpg,,,,,5
bottom_right_03469.jpg,,,,,1
bottom_right_03470.jpg,,,,,4
bottom_right_03471.jpg,,,,,4
bottom_right_03472.jpg,,,,,4
bottom_right_03473.jpg,,,,,3
bottom_right_03474.jpg,,,,,6
bottom_right_03476.jpg,,,,,2
bottom_right_03477.jpg,,,,,6
bottom_right_03478.jpg,,,,,1
bottom_right_03479.jpg,,,,,1
bottom_right_03480.jpg,,,,,1
bottom_right_03481.jpg,,,,,3
bottom_right_03482.jpg,,,,,7
bottom_right_03483.jpg,,,,,6
bottom_right_03484.jpg,,,,,4
bottom_right_03485.jpg,,,,,1
bottom_right_03486.jpg,,,,,4
bottom_right_03487.jpg,,,,,2
bottom_right_03488.jpg,,,,,3
bottom_right_03489.jpg,,,,,6
bottom_right_03490.jpg,,,,,2
bottom_right_03491.jpg,,,,,6
bottom_right_03492.jpg,,,,,1
bottom_right_03493.jpg,,,,,2
bottom_right_03494.jpg,,,,,6
bottom_right_03495.jpg,,,,,4
bottom_right_03496.jpg,,,,,4
bottom_right_03497.jpg,,,,,7
bottom_right_03500.jpg,,,,,1
bottom_right_03501.jpg,,,,,1
bottom_right_03502.jpg,,,,,1
bottom_right_03504.jpg,,,,,1
bottom_right_03505.jpg,,,,,3
bottom_right_03506.jpg,,,,,4
bottom_right_03507.jpg,,,,,5
bottom_right_03508.jpg,,,,,1
bottom_right_03509.jpg,,,,,3
bottom_right_03510.jpg,,,,,4
bottom_right_03511.jpg,,,,,4
bottom_right_03512.jpg,,,,,5
bottom_right_03513.jpg,,,,,4
bottom_right_03515.jpg,,,,,1
bottom_right_03516.jpg,,,,,3
bottom_right_03517.jpg,,,,,4
bottom_right_03518.jpg,,,,,2
bottom_right_03519.jpg,,,,,3
bottom_right_03520.jpg,,,,,6
bottom_right_03521.jpg,,,,,7
bottom_right_03522.jpg,,,,,5
bottom_right_03524.jpg,,,,,1
bottom_right_03526.jpg,,,,,3
bottom_right_03528.jpg,,,,,6
bottom_right_03530.jpg,,,,,6
bottom_right_03531.jpg,,,,,4
bottom_right_03533.jpg,,,,,4
bottom_right_03534.jpg,,,,,6
bottom_right_03535.jpg,,,,,4
bottom_right_03537.jpg,,,,,4
bottom_right_03539.jpg,,,,,3
bottom_right_03540.jpg,,,,,4
bottom_right_03541.jpg,,,,,5
bottom_right_03542.jpg,,,,,4
bottom_right_03543.jpg,,,,,4
bottom_right_03544.jpg,,,,,5
bottom_right_03545.jpg,,,,,4
bottom_right_03546.jpg,,,,,6
bottom_right_03547.jpg,,,,,1
bottom_right_03548.jpg,,,,,4
bottom_right_03550.jpg,,,,,3
bottom_right_03551.jpg,,,,,3
bottom_right_03552.jpg,,,,,6
bottom_right_03553.jpg,,,,,6
bottom_right_03554.jpg,,,,,7
bottom_right_03555.jpg,,,,,2
bottom_right_03556.jpg,,,,,6
bottom_right_03558.jpg,,,,,6
bottom_right_03559.jpg,,,,,5
bottom_right_03560.jpg,,,,,1
bottom_right_03561.jpg,,,,,1
bottom_right_03562.jpg,,,,,1
bottom_right_03563.jpg,,,,,4
bottom_right_03567.jpg,,,,,6
bottom_right_03568.jpg,,,,,4
bottom_right_03569.jpg,,,,,4
bottom_right_03570.jpg,,,,,6
bottom_right_03571.jpg,,,,,6
bottom_right_03573.jpg,,,,,6
bottom_right_03574.jpg,,,,,7
bottom_right_03576.jpg,,,,,1
bottom_right_03577.jpg,,,,,3
bottom_right_03578.jpg,,,,,4
bottom_right_03579.jpg,,,,,2
bottom_right_03580.jpg,,,,,6
bottom_right_03581.jpg,,,,,3
bottom_right_03582.jpg,,,,,2
bottom_right_03583.jpg,,,,,4
bottom_right_03584.jpg,,,,,1
bottom_right_03585.jpg,,,,,4
bottom_right_03586.jpg,,,,,6
bottom_right_03587.jpg,,,,,6
bottom_right_03588.jpg,,,,,6
bottom_right_03590.jpg,,,,,1
bottom_right_03591.jpg,,,,,1
bottom_right_03592.jpg,,,,,4
bottom_right_03593.jpg,,,,,2
bottom_right_03594.jpg,,,,,1
bottom_right_03595.jpg,,,,,1
bottom_right_03596.jpg,,,,,2
bottom_right_03597.jpg,,,,,4
bottom_right_03598.jpg,,,,,6
bottom_right_03599.jpg,,,,,1
bottom_right_03600.jpg,,,,,6
bottom_right_03601.jpg,,,,,6
bottom_right_03602.jpg,,,,,5
bottom_right_03603.jpg,,,,,4
bottom_right_03604.jpg,,,,,5
bottom_right_03605.jpg,,,,,5
bottom_right_03606.jpg,,,,,5
bottom_right_03607.jpg,,,,,5
bottom_right_03608.jpg,,,,,1
bottom_right_03609.jpg,,,,,7
bottom_right_03610.jpg,,,,,4
bottom_right_03612.jpg,,,,,3
bottom_right_03613.jpg,,,,,4
bottom_right_03614.jpg,,,,,3
bottom_right_03615.jpg,,,,,5
bottom_right_03616.jpg,,,,,3
bottom_right_03617.jpg,,,,,6
bottom_right_03618.jpg,,,,,2
bottom_right_03621.jpg,,,,,4
bottom_right_03622.jpg,,,,,1
bottom_right_03623.jpg,,,,,4
bottom_right_03624.jpg,,,,,6
bottom_right_03626.jpg,,,,,1
bottom_right_03627.jpg,,,,,6
bottom_right_03628.jpg,,,,,4
bottom_right_03629.jpg,,,,,2
bottom_right_03630.jpg,,,,,6
bottom_right_03631.jpg,,,,,4
bottom_right_03632.jpg,,,,,3
bottom_right_03633.jpg,,,,,4
bottom_right_03634.jpg,,,,,1
bottom_right_03636.jpg,,,,,2
bottom_right_03637.jpg,,,,,7
bottom_right_03638.jpg,,,,,5
bottom_right_03639.jpg,,,,,4
bottom_right_03640.jpg,,,,,4
bottom_right_03641.jpg,,,,,4
bottom_right_03642.jpg,,,,,2
bottom_right_03643.jpg,,,,,6
bottom_right_03645.jpg,,,,,4
bottom_right_03647.jpg,,,,,3
bottom_right_03648.jpg,,,,,6
bottom_right_03649.jpg,,,,,6
bottom_right_03651.jpg,,,,,7
bottom_right_03652.jpg,,,,,4
bottom_right_03653.jpg,,,,,1
bottom_right_03654.jpg,,,,,1
bottom_right_03655.jpg,,,,,1
bottom_right_03656.jpg,,,,,4
bottom_right_03659.jpg,,,,,1
bottom_right_03660.jpg,,,,,6
bottom_right_03661.jpg,,,,,4
bottom_right_03662.jpg,,,,,1
bottom_right_03663.jpg,,,,,4
bottom_right_03664.jpg,,,,,4
bottom_right_03665.jpg,,,,,1
bottom_right_03666.jpg,,,,,4
bottom_right_03667.jpg,,,,,6
bottom_right_03668.jpg,,,,,2
bottom_right_03669.jpg,,,,,6
bottom_right_03670.jpg,,,,,1
bottom_right_03671.jpg,,,,,2
bottom_right_03672.jpg,,,,,3
bottom_right_03673.jpg,,,,,4
bottom_right_03674.jpg,,,,,2
bottom_right_03675.jpg,,,,,4
bottom_right_03677.jpg,,,,,6
bottom_right_03678.jpg,,,,,2
bottom_right_03680.jpg,,,,,3
bottom_right_03683.jpg,,,,,3
bottom_right_03685.jpg,,,,,3
bottom_right_03686.jpg,,,,,4
bottom_right_03688.jpg,,,,,6
bottom_right_03689.jpg,,,,,5
bottom_right_03690.jpg,,,,,4
bottom_right_03691.jpg,,,,,3
bottom_right_03692.jpg,,,,,6
bottom_right_03693.jpg,,,,,4
bottom_right_03695.jpg,,,,,3
bottom_right_03696.jpg,,,,,6
bottom_right_03697.jpg,,,,,6
bottom_right_03698.jpg,,,,,2
bottom_right_03699.jpg,,,,,7
bottom_right_03700.jpg,,,,,1
bottom_right_03701.jpg,,,,,6
bottom_right_03702.jpg,,,,,4
bottom_right_03703.jpg,,,,,2
bottom_right_03704.jpg,,,,,6
bottom_right_03705.jpg,,,,,4
bottom_right_03706.jpg,,,,,3
bottom_right_03708.jpg,,,,,3
bottom_right_03710.jpg,,,,,4
bottom_right_03711.jpg,,,,,1
bottom_right_03714.jpg,,,,,4
bottom_right_03715.jpg,,,,,1
bottom_right_03717.jpg,,,,,4
bottom_right_03718.jpg,,,,,6
bottom_right_03719.jpg,,,,,4
bottom_right_03721.jpg,,,,,1
bottom_right_03722.jpg,,,,,4
bottom_right_03724.jpg,,,,,5
bottom_right_03725.jpg,,,,,3
bottom_right_03727.jpg,,,,,6
bottom_right_03730.jpg,,,,,3
bottom_right_03731.jpg,,,,,6
bottom_right_03732.jpg,,,,,1
bottom_right_03733.jpg,,,,,5
bottom_right_03736.jpg,,,,,6
bottom_right_03737.jpg,,,,,4
bottom_right_03739.jpg,,,,,3
bottom_right_03740.jpg,,,,,4
bottom_right_03743.jpg,,,,,1
bottom_right_03745.jpg,,,,,4
bottom_right_03746.jpg,,,,,5
bottom_right_03747.jpg,,,,,1
bottom_right_03748.jpg,,,,,2
bottom_right_03750.jpg,,,,,1
bottom_right_03751.jpg,,,,,1
bottom_right_03752.jpg,,,,,3
bottom_right_03753.jpg,,,,,5
bottom_right_03754.jpg,,,,,4
bottom_right_03755.jpg,,,,,1
bottom_right_03756.jpg,,,,,1
bottom_right_03757.jpg,,,,,3
bottom_right_03758.jpg,,,,,2
bottom_right_03759.jpg,,,,,2
bottom_right_03760.jpg,,,,,4
bottom_right_03761.jpg,,,,,1
bottom_right_03763.jpg,,,,,5
bottom_right_03764.jpg,,,,,4
bottom_right_03765.jpg,,,,,4
bottom_right_03766.jpg,,,,,1
bottom_right_03767.jpg,,,,,4
bottom_right_03768.jpg,,,,,4
bottom_right_03770.jpg,,,,,6
bottom_right_03771.jpg,,,,,4
bottom_right_03772.jpg,,,,,4
bottom_right_03773.jpg,,,,,4
bottom_right_03774.jpg,,,,,6
bottom_right_03775.jpg,,,,,1
bottom_right_03776.jpg,,,,,6
bottom_right_03777.jpg,,,,,7
bottom_right_03778.jpg,,,,,7
bottom_right_03779.jpg,,,,,6
bottom_right_03780.jpg,,,,,6
bottom_right_03782.jpg,,,,,6
bottom_right_03783.jpg,,,,,1
bottom_right_03784.jpg,,,,,5
bottom_right_03785.jpg,,,,,4
bottom_right_03786.jpg,,,,,2
bottom_right_03787.jpg,,,,,4
bottom_right_03788.jpg,,,,,6
bottom_right_03789.jpg,,,,,3
bottom_right_03790.jpg,,,,,2
bottom_right_03791.jpg,,,,,4
bottom_right_03792.jpg,,,,,6
bottom_right_03793.jpg,,,,,4
bottom_right_03794.jpg,,,,,6
bottom_right_03795.jpg,,,,,5
bottom_right_03796.jpg,,,,,3
bottom_right_03797.jpg,,,,,6
bottom_right_03798.jpg,,,,,3
bottom_right_03799.jpg,,,,,3
bottom_right_03800.jpg,,,,,5
bottom_right_03801.jpg,,,,,6
bottom_right_03802.jpg,,,,,1
bottom_right_03804.jpg,,,,,1
bottom_right_03805.jpg,,,,,1
bottom_right_03806.jpg,,,,,6
bottom_right_03807.jpg,,,,,5
bottom_right_03808.jpg,,,,,1
bottom_right_03809.jpg,,,,,6
bottom_right_03810.jpg,,,,,1
bottom_right_03811.jpg,,,,,4
bottom_right_03812.jpg,,,,,1
bottom_right_03813.jpg,,,,,1
bottom_right_03814.jpg,,,,,4
bottom_right_03816.jpg,,,,,1
bottom_right_03817.jpg,,,,,2
bottom_right_03818.jpg,,,,,1
bottom_right_03820.jpg,,,,,4
bottom_right_03821.jpg,,,,,4
bottom_right_03823.jpg,,,,,4
bottom_right_03824.jpg,,,,,4
bottom_right_03825.jpg,,,,,6
bottom_right_03826.jpg,,,,,6
bottom_right_03827.jpg,,,,,2
bottom_right_03828.jpg,,,,,1
bottom_right_03829.jpg,,,,,1
bottom_right_03830.jpg,,,,,1
bottom_right_03831.jpg,,,,,4
bottom_right_03832.jpg,,,,,5
bottom_right_03834.jpg,,,,,6
bottom_right_03835.jpg,,,,,4
bottom_right_03837.jpg,,,,,6
bottom_right_03838.jpg,,,,,1
bottom_right_03839.jpg,,,,,1
bottom_right_03840.jpg,,,,,4
bottom_right_03841.jpg,,,,,2
bottom_right_03842.jpg,,,,,4
bottom_right_03843.jpg,,,,,3
bottom_right_03844.jpg,,,,,1
bottom_right_03845.jpg,,,,,6
bottom_right_03846.jpg,,,,,4
bottom_right_03847.jpg,,,,,4
bottom_right_03848.jpg,,,,,1
bottom_right_03851.jpg,,,,,3
bottom_right_03852.jpg,,,,,4
bottom_right_03855.jpg,,,,,4
bottom_right_03856.jpg,,,,,3
bottom_right_03857.jpg,,,,,4
bottom_right_03859.jpg,,,,,1
bottom_right_03862.jpg,,,,,3
bottom_right_03863.jpg,,,,,3
bottom_right_03864.jpg,,,,,4
bottom_right_03865.jpg,,,,,1
bottom_right_03866.jpg,,,,,6
bottom_right_03867.jpg,,,,,1
bottom_right_03868.jpg,,,,,1
bottom_right_03869.jpg,,,,,6
bottom_right_03870.jpg,,,,,3
bottom_right_03871.jpg,,,,,4
bottom_right_03872.jpg,,,,,4
bottom_right_03873.jpg,,,,,4
bottom_right_03874.jpg,,,,,1
bottom_right_03875.jpg,,,,,4
bottom_right_03876.jpg,,,,,4
bottom_right_03877.jpg,,,,,1
bottom_right_03879.jpg,,,,,3
bottom_right_03880.jpg,,,,,2
bottom_right_03881.jpg,,,,,4
bottom_right_03882.jpg,,,,,1
bottom_right_03883.jpg,,,,,2
bottom_right_03884.jpg,,,,,2
bottom_right_03885.jpg,,,,,4
bottom_right_03886.jpg,,,,,4
bottom_right_03887.jpg,,,,,4
bottom_right_03888.jpg,,,,,6
bottom_right_03889.jpg,,,,,4
bottom_right_03890.jpg,,,,,6
bottom_right_03891.jpg,,,,,5
bottom_right_03892.jpg,,,,,4
bottom_right_03893.jpg,,,,,4
bottom_right_03894.jpg,,,,,6
bottom_right_03896.jpg,,,,,5
bottom_right_03897.jpg,,,,,6
bottom_right_03900.jpg,,,,,4
bottom_right_03901.jpg,,,,,3
bottom_right_03902.jpg,,,,,5
bottom_right_03903.jpg,,,,,3
bottom_right_03904.jpg,,,,,1
bottom_right_03905.jpg,,,,,1
bottom_right_03906.jpg,,,,,3
bottom_right_03907.jpg,,,,,1
bottom_right_03909.jpg,,,,,1
bottom_right_03910.jpg,,,,,7
bottom_right_03912.jpg,,,,,2
bottom_right_03913.jpg,,,,,4
bottom_right_03914.jpg,,,,,4
bottom_right_03915.jpg,,,,,1
bottom_right_03916.jpg,,,,,6
bottom_right_03917.jpg,,,,,6
bottom_right_03918.jpg,,,,,4
bottom_right_03919.jpg,,,,,2
bottom_right_03920.jpg,,,,,6
bottom_right_03921.jpg,,,,,6
bottom_right_03922.jpg,,,,,2
bottom_right_03923.jpg,,,,,6
bottom_right_03924.jpg,,,,,3
bottom_right_03925.jpg,,,,,3
bottom_right_03926.jpg,,,,,6
bottom_right_03927.jpg,,,,,6
bottom_right_03928.jpg,,,,,4
bottom_right_03929.jpg,,,,,1
bottom_right_03930.jpg,,,,,2
bottom_right_03931.jpg,,,,,4
bottom_right_03932.jpg,,,,,4
bottom_right_03933.jpg,,,,,5
bottom_right_03934.jpg,,,,,4
bottom_right_03935.jpg,,,,,6
bottom_right_03936.jpg,,,,,1
bottom_right_03937.jpg,,,,,6
bottom_right_03938.jpg,,,,,7
bottom_right_03939.jpg,,,,,6
bottom_right_03940.jpg,,,,,4
bottom_right_03943.jpg,,,,,6
bottom_right_03945.jpg,,,,,4
bottom_right_03946.jpg,,,,,1
bottom_right_03947.jpg,,,,,2
bottom_right_03948.jpg,,,,,3
bottom_right_03949.jpg,,,,,1
bottom_right_03950.jpg,,,,,1
bottom_right_03951.jpg,,,,,4
bottom_right_03952.jpg,,,,,4
bottom_right_03953.jpg,,,,,4
bottom_right_03954.jpg,,,,,7
bottom_right_03956.jpg,,,,,6
bottom_right_03958.jpg,,,,,4
bottom_right_03959.jpg,,,,,3
bottom_right_03961.jpg,,,,,5
bottom_right_03962.jpg,,,,,5
bottom_right_03964.jpg,,,,,7
bottom_right_03965.jpg,,,,,4
bottom_right_03966.jpg,,,,,6
bottom_right_03967.jpg,,,,,6
bottom_right_03968.jpg,,,,,1
bottom_right_03969.jpg,,,,,1
bottom_right_03970.jpg,,,,,6
bottom_right_03971.jpg,,,,,6
bottom_right_03972.jpg,,,,,4
bottom_right_03973.jpg,,,,,1
bottom_right_03974.jpg,,,,,4
bottom_right_03975.jpg,,,,,1
bottom_right_03976.jpg,,,,,3
bottom_right_03977.jpg,,,,,6
bottom_right_03979.jpg,,,,,4
bottom_right_03980.jpg,,,,,2
bottom_right_03981.jpg,,,,,4
bottom_right_03982.jpg,,,,,2
bottom_right_03983.jpg,,,,,1
bottom_right_03984.jpg,,,,,3
bottom_right_03985.jpg,,,,,4
bottom_right_03986.jpg,,,,,1
bottom_right_03988.jpg,,,,,7
bottom_right_03989.jpg,,,,,6
bottom_right_03991.jpg,,,,,4
bottom_right_03993.jpg,,,,,4
bottom_right_03994.jpg,,,,,5
bottom_right_03995.jpg,,,,,6
bottom_right_03997.jpg,,,,,3
bottom_right_03998.jpg,,,,,4
